-- MySQL dump 10.13  Distrib 8.0.25, for Linux (x86_64)
--
-- Host: localhost    Database: vk
-- ------------------------------------------------------
-- Server version	8.0.25

/*!40101 SET @OLD_CHARACTER_SET_CLIENT=@@CHARACTER_SET_CLIENT */;
/*!40101 SET @OLD_CHARACTER_SET_RESULTS=@@CHARACTER_SET_RESULTS */;
/*!40101 SET @OLD_COLLATION_CONNECTION=@@COLLATION_CONNECTION */;
/*!50503 SET NAMES utf8 */;
/*!40103 SET @OLD_TIME_ZONE=@@TIME_ZONE */;
/*!40103 SET TIME_ZONE='+00:00' */;
/*!40014 SET @OLD_UNIQUE_CHECKS=@@UNIQUE_CHECKS, UNIQUE_CHECKS=0 */;
/*!40014 SET @OLD_FOREIGN_KEY_CHECKS=@@FOREIGN_KEY_CHECKS, FOREIGN_KEY_CHECKS=0 */;
/*!40101 SET @OLD_SQL_MODE=@@SQL_MODE, SQL_MODE='NO_AUTO_VALUE_ON_ZERO' */;
/*!40111 SET @OLD_SQL_NOTES=@@SQL_NOTES, SQL_NOTES=0 */;

--
-- Table structure for table `communities`
--

DROP TABLE IF EXISTS `communities`;
/*!40101 SET @saved_cs_client     = @@character_set_client */;
/*!50503 SET character_set_client = utf8mb4 */;
CREATE TABLE `communities` (
  `id` int unsigned NOT NULL AUTO_INCREMENT COMMENT 'Идентификатор сроки',
  `name` varchar(150) CHARACTER SET utf8mb4 COLLATE utf8mb4_unicode_ci NOT NULL COMMENT 'Название группы',
  `created_at` datetime DEFAULT CURRENT_TIMESTAMP COMMENT 'Время создания строки',
  `updated_at` datetime DEFAULT CURRENT_TIMESTAMP ON UPDATE CURRENT_TIMESTAMP COMMENT 'Время обновления строки',
  PRIMARY KEY (`id`),
  UNIQUE KEY `name` (`name`)
) ENGINE=InnoDB AUTO_INCREMENT=101 DEFAULT CHARSET=utf8mb4 COLLATE=utf8mb4_unicode_ci COMMENT='Группы';
/*!40101 SET character_set_client = @saved_cs_client */;

--
-- Dumping data for table `communities`
--

LOCK TABLES `communities` WRITE;
/*!40000 ALTER TABLE `communities` DISABLE KEYS */;
INSERT INTO `communities` VALUES (1,'et','2020-10-01 10:15:08','2021-04-20 10:22:03'),(2,'ut','2020-05-12 20:47:33','2021-03-24 16:33:20'),(3,'eum','2020-07-13 02:57:31','2021-03-24 08:02:42'),(4,'quia','2021-01-28 14:42:33','2021-03-27 10:06:08'),(5,'debitis','2020-08-07 08:11:28','2021-04-17 15:59:34'),(6,'illum','2020-05-25 20:05:06','2021-03-28 10:51:31'),(7,'velit','2020-06-22 21:28:33','2021-03-25 18:37:26'),(8,'omnis','2020-09-01 07:24:44','2021-04-23 03:55:08'),(9,'est','2020-12-25 15:33:13','2021-04-09 16:56:06'),(10,'non','2020-08-23 19:29:38','2021-04-04 14:18:39'),(11,'iure','2020-11-09 15:44:29','2021-04-19 16:12:05'),(12,'rem','2020-08-02 20:56:02','2021-03-31 17:22:35'),(13,'in','2020-06-05 17:33:30','2021-04-02 01:00:02'),(14,'voluptatem','2021-03-11 05:43:09','2021-04-16 23:43:21'),(15,'qui','2020-06-02 11:34:36','2021-04-16 18:14:03'),(16,'cumque','2020-05-30 09:35:32','2021-04-02 10:45:44'),(17,'aspernatur','2020-04-27 02:33:38','2021-03-24 07:26:11'),(18,'similique','2020-08-09 07:56:50','2021-04-04 00:42:22'),(19,'sapiente','2021-01-31 04:04:53','2021-03-26 16:16:02'),(20,'enim','2020-08-29 13:50:26','2021-03-27 07:29:53'),(21,'libero','2021-03-27 20:05:25','2021-04-02 15:35:14'),(22,'voluptas','2020-11-16 18:52:50','2021-04-12 01:58:34'),(23,'sint','2021-02-17 22:56:26','2021-04-02 02:21:35'),(24,'harum','2021-02-27 22:30:57','2021-04-15 17:41:35'),(25,'assumenda','2020-10-26 08:48:43','2021-04-09 20:44:23'),(26,'laboriosam','2020-05-13 12:29:18','2021-03-27 00:42:01'),(27,'quod','2020-07-21 04:26:31','2021-04-13 14:50:07'),(28,'suscipit','2020-05-16 23:36:51','2021-04-08 16:09:55'),(29,'quae','2020-10-23 18:28:22','2021-04-19 13:21:37'),(30,'placeat','2020-12-02 21:56:14','2021-03-26 09:11:33');
/*!40000 ALTER TABLE `communities` ENABLE KEYS */;
UNLOCK TABLES;

--
-- Table structure for table `communities_users`
--

DROP TABLE IF EXISTS `communities_users`;
/*!40101 SET @saved_cs_client     = @@character_set_client */;
/*!50503 SET character_set_client = utf8mb4 */;
CREATE TABLE `communities_users` (
  `community_id` int unsigned NOT NULL COMMENT 'Ссылка на группу',
  `user_id` int unsigned NOT NULL COMMENT 'Ссылка на пользователя',
  `created_at` datetime DEFAULT CURRENT_TIMESTAMP COMMENT 'Время создания строки',
  PRIMARY KEY (`community_id`,`user_id`) COMMENT 'Составной первичный ключ',
  KEY `communities_user_id_fk` (`user_id`),
  KEY `idx_communities_users_community_id` (`community_id`),
  CONSTRAINT `communities_community_id_fk` FOREIGN KEY (`community_id`) REFERENCES `communities` (`id`) ON DELETE CASCADE,
  CONSTRAINT `communities_user_id_fk` FOREIGN KEY (`user_id`) REFERENCES `users` (`id`) ON DELETE CASCADE
) ENGINE=InnoDB DEFAULT CHARSET=utf8mb4 COLLATE=utf8mb4_unicode_ci COMMENT='Участники групп, связь между пользователями и группами';
/*!40101 SET character_set_client = @saved_cs_client */;

--
-- Dumping data for table `communities_users`
--

LOCK TABLES `communities_users` WRITE;
/*!40000 ALTER TABLE `communities_users` DISABLE KEYS */;
INSERT INTO `communities_users` VALUES (1,81,'2021-04-19 07:32:29'),(2,38,'2021-04-11 00:24:46'),(2,128,'2021-03-23 16:17:04'),(4,29,'2021-04-09 01:58:55'),(5,173,'2021-04-08 17:46:58'),(6,37,'2021-04-20 16:11:28'),(6,71,'2021-04-04 06:21:50'),(6,182,'2021-03-28 03:38:34'),(7,46,'2021-04-21 20:27:14'),(8,8,'2021-04-13 05:53:14'),(8,87,'2021-04-19 03:27:06'),(10,10,'2021-03-28 11:54:29'),(10,79,'2021-03-27 10:56:54'),(10,147,'2021-04-23 09:41:39'),(11,38,'2021-04-16 09:31:50'),(14,173,'2021-04-09 23:53:27'),(15,160,'2021-04-14 04:00:20'),(17,20,'2021-04-22 21:42:49'),(17,35,'2021-03-30 01:23:55'),(19,21,'2021-04-07 09:14:46'),(19,41,'2021-04-14 17:21:44'),(20,3,'2021-04-11 18:18:22'),(23,1,'2021-03-25 07:55:11'),(25,89,'2021-03-30 01:42:14'),(25,144,'2021-04-11 01:19:03'),(25,176,'2021-04-03 11:17:47'),(25,191,'2021-03-27 09:13:48'),(26,166,'2021-03-23 12:50:08'),(27,49,'2021-04-17 03:48:31'),(27,54,'2021-04-15 11:20:23'),(27,191,'2021-04-11 22:12:52'),(29,197,'2021-04-13 08:55:44'),(30,56,'2021-03-25 00:23:43');
/*!40000 ALTER TABLE `communities_users` ENABLE KEYS */;
UNLOCK TABLES;

--
-- Table structure for table `friendship`
--

DROP TABLE IF EXISTS `friendship`;
/*!40101 SET @saved_cs_client     = @@character_set_client */;
/*!50503 SET character_set_client = utf8mb4 */;
CREATE TABLE `friendship` (
  `user_id` int unsigned NOT NULL COMMENT 'Ссылка на инициатора дружеских отношений',
  `friend_id` int unsigned NOT NULL COMMENT 'Ссылка на получателя приглашения дружить',
  `friendship_status_id` int unsigned NOT NULL COMMENT 'Ссылка на статус (текущее состояние) отношений',
  `confirmed_at` datetime DEFAULT NULL COMMENT 'Время подтверждения приглашения',
  `created_at` datetime DEFAULT CURRENT_TIMESTAMP COMMENT 'Время создания строки',
  `updated_at` datetime DEFAULT CURRENT_TIMESTAMP ON UPDATE CURRENT_TIMESTAMP COMMENT 'Время обновления строки',
  PRIMARY KEY (`user_id`,`friend_id`) COMMENT 'Составной первичный ключ',
  KEY `friendship_friend_id_fk` (`friend_id`),
  KEY `friendship_status_id_fk` (`friendship_status_id`),
  KEY `idx_friendship_user_id` (`user_id`),
  CONSTRAINT `friendship_friend_id_fk` FOREIGN KEY (`friend_id`) REFERENCES `users` (`id`) ON DELETE CASCADE,
  CONSTRAINT `friendship_status_id_fk` FOREIGN KEY (`friendship_status_id`) REFERENCES `friendship_statuses` (`id`) ON DELETE CASCADE,
  CONSTRAINT `friendship_user_id_fk` FOREIGN KEY (`user_id`) REFERENCES `users` (`id`) ON DELETE CASCADE
) ENGINE=InnoDB DEFAULT CHARSET=utf8mb4 COLLATE=utf8mb4_unicode_ci COMMENT='Таблица дружбы';
/*!40101 SET character_set_client = @saved_cs_client */;

--
-- Dumping data for table `friendship`
--

LOCK TABLES `friendship` WRITE;
/*!40000 ALTER TABLE `friendship` DISABLE KEYS */;
INSERT INTO `friendship` VALUES (1,105,3,'2021-04-15 13:53:12','2021-03-28 13:48:05','2021-04-06 23:52:17'),(3,86,3,'2021-04-16 08:20:28','2021-02-01 21:15:51','2021-04-21 07:57:50'),(6,68,2,'2021-03-25 15:43:21','2021-03-24 16:53:55','2021-04-14 20:06:03'),(6,77,3,'2021-04-20 15:14:27','2020-10-12 16:54:20','2021-04-17 00:56:53'),(7,53,1,'2021-04-30 18:30:19','2021-04-17 18:00:50','2021-04-30 18:30:19'),(8,159,2,'2021-04-07 23:44:44','2020-07-19 18:44:36','2021-04-19 09:56:48'),(9,134,2,'2021-03-29 15:06:19','2020-12-03 22:47:58','2021-04-19 09:43:50'),(11,128,2,'2021-04-16 20:32:37','2020-08-26 12:47:59','2021-04-17 12:04:25'),(14,2,2,'2021-03-24 20:45:37','2020-11-25 09:30:47','2021-04-23 05:11:20'),(17,90,1,'2021-04-07 08:58:26','2020-11-16 06:12:46','2021-04-03 08:52:30'),(17,180,2,'2021-04-11 06:20:05','2021-04-02 01:38:29','2021-04-30 18:23:28'),(18,11,2,'2021-04-30 18:30:19','2021-04-04 21:02:32','2021-04-30 18:30:19'),(18,103,1,'2021-03-30 16:52:59','2021-02-21 21:44:09','2021-04-13 15:43:44'),(23,33,1,'2021-04-10 02:00:13','2020-08-21 15:52:44','2021-03-26 23:26:02'),(24,133,2,'2021-04-30 18:30:19','2021-04-16 09:07:07','2021-04-30 18:30:19'),(26,191,2,'2021-03-24 05:14:20','2020-04-24 09:42:20','2021-04-17 22:15:50'),(30,20,1,'2021-04-03 06:57:13','2020-05-14 06:45:27','2021-04-09 18:10:45'),(31,171,2,'2021-04-05 14:06:06','2020-11-07 23:29:07','2021-04-13 10:26:18'),(39,11,1,'2021-04-20 12:58:05','2021-03-27 07:17:30','2021-03-27 23:35:16'),(39,50,2,'2021-04-16 04:14:49','2021-01-04 12:35:48','2021-04-07 02:41:11'),(43,14,2,'2021-03-28 04:04:46','2020-09-25 20:42:00','2021-04-11 00:04:24'),(44,83,3,'2021-04-12 00:34:20','2021-03-18 12:17:33','2021-04-14 23:41:01'),(48,91,3,'2021-04-06 17:33:57','2020-10-11 10:17:24','2021-04-08 06:17:33'),(49,168,2,'2021-04-03 09:05:35','2020-08-06 18:01:15','2021-03-30 06:12:59'),(57,82,2,'2021-04-22 12:51:02','2021-01-17 17:09:35','2021-04-18 00:36:48'),(57,111,1,'2021-04-17 08:25:12','2020-05-10 02:02:54','2021-04-19 00:42:48'),(59,51,3,'2021-03-26 22:44:37','2020-07-29 17:23:13','2021-04-09 06:11:02'),(59,56,2,'2021-03-25 11:10:47','2021-02-23 07:47:52','2021-04-02 10:53:04'),(59,193,3,'2021-04-01 17:53:38','2020-09-16 16:46:07','2021-04-06 04:06:35'),(63,39,2,'2021-03-30 13:46:07','2020-11-12 10:44:39','2021-04-13 03:48:40'),(63,182,3,'2021-04-06 21:52:47','2021-01-18 22:55:59','2021-04-13 17:46:32'),(65,42,1,'2021-04-06 22:50:10','2021-03-11 23:02:12','2021-04-10 03:51:43'),(65,170,1,'2021-04-30 18:30:19','2021-04-21 12:41:28','2021-04-30 18:30:19'),(66,143,1,'2021-04-09 12:54:31','2020-04-30 07:47:03','2021-04-02 21:19:31'),(69,91,2,'2021-04-15 17:14:06','2020-10-25 09:55:43','2021-04-02 18:25:36'),(71,85,1,'2021-04-05 23:42:15','2020-06-18 21:30:50','2021-03-26 10:57:40'),(73,69,1,'2021-04-21 00:30:36','2020-08-03 19:17:08','2021-04-16 23:26:24'),(76,66,3,'2021-04-30 18:30:19','2021-03-26 15:45:28','2021-04-30 18:30:19'),(77,165,3,'2021-03-30 04:47:01','2020-05-31 17:06:56','2021-03-30 20:29:37'),(79,26,3,'2021-04-22 08:17:29','2020-05-11 18:10:03','2021-04-13 09:34:12'),(79,78,1,'2021-03-26 18:05:33','2020-06-18 18:42:17','2021-04-10 05:54:38'),(79,193,3,'2021-04-14 13:20:17','2021-01-01 06:30:52','2021-04-12 20:36:50'),(83,144,3,'2021-04-22 12:39:21','2020-08-05 16:38:42','2021-04-01 06:44:19'),(95,41,2,'2021-04-02 06:31:32','2021-01-02 09:18:32','2021-04-19 18:40:47'),(97,95,1,'2021-04-16 10:10:11','2021-03-13 19:43:22','2021-03-28 19:32:21'),(97,178,1,'2021-03-31 07:05:31','2021-01-14 23:35:51','2021-04-13 03:36:10'),(102,166,1,'2021-04-16 03:40:56','2021-04-11 21:27:41','2021-04-30 18:23:28'),(103,44,2,'2021-04-19 17:18:07','2020-11-04 22:07:09','2021-03-31 04:40:14'),(103,158,3,'2021-04-13 05:33:00','2021-02-23 08:06:31','2021-04-04 20:41:34'),(105,149,3,'2021-04-05 01:08:38','2021-03-16 16:09:18','2021-03-28 10:36:44'),(105,159,3,'2021-04-14 19:55:26','2021-01-24 22:28:58','2021-04-03 02:37:21'),(106,172,1,'2021-04-06 02:12:54','2021-03-31 19:55:26','2021-04-08 20:16:38'),(109,148,3,'2021-04-17 01:02:36','2020-07-21 15:51:54','2021-04-18 10:10:35'),(112,90,2,'2021-04-08 19:14:52','2021-01-03 09:31:17','2021-04-14 22:42:04'),(112,129,2,'2021-04-16 10:46:47','2020-12-13 17:50:18','2021-04-04 04:53:41'),(112,162,1,'2021-04-12 10:59:11','2020-09-12 15:53:39','2021-03-23 10:13:28'),(113,42,3,'2021-03-27 01:39:52','2021-03-04 09:08:49','2021-04-11 23:26:02'),(114,22,3,'2021-03-29 08:50:06','2021-01-08 19:54:14','2021-04-07 01:20:42'),(116,190,2,'2021-03-26 19:12:59','2020-05-23 09:52:18','2021-04-14 23:10:30'),(124,116,2,'2021-04-04 11:40:38','2020-06-22 03:25:36','2021-04-13 10:25:49'),(124,193,3,'2021-04-17 11:33:21','2020-08-14 17:42:32','2021-04-09 19:15:25'),(126,46,1,'2021-04-09 20:52:33','2021-03-06 18:15:45','2021-03-30 15:11:43'),(126,145,2,'2021-04-03 21:34:14','2020-05-09 16:04:09','2021-04-05 00:32:34'),(127,165,3,'2021-04-12 10:36:39','2020-12-27 23:29:57','2021-04-09 04:49:08'),(130,28,3,'2021-04-10 00:10:47','2020-09-18 10:15:42','2021-04-22 15:11:20'),(133,42,2,'2021-04-19 09:03:37','2020-06-03 23:00:49','2021-03-26 08:45:31'),(133,99,3,'2021-04-17 23:16:09','2021-03-07 08:23:23','2021-04-08 19:58:59'),(133,157,3,'2021-04-12 06:43:50','2021-02-23 01:23:13','2021-04-08 11:36:05'),(133,180,1,'2021-03-30 19:54:48','2020-08-10 01:39:38','2021-04-17 15:44:32'),(134,70,3,'2021-03-31 17:03:55','2020-06-09 13:01:06','2021-04-14 19:20:38'),(135,56,3,'2021-03-24 19:53:18','2020-09-29 11:31:46','2021-04-13 02:24:01'),(136,50,1,'2021-04-12 06:35:51','2021-04-07 09:07:45','2021-04-21 18:40:29'),(137,66,1,'2021-03-28 03:40:00','2020-12-29 00:55:44','2021-04-05 09:35:33'),(142,185,2,'2021-04-08 09:04:58','2020-12-27 05:39:01','2021-04-22 23:29:14'),(155,167,2,'2021-04-20 10:22:16','2020-09-28 15:55:31','2021-04-02 04:54:21'),(156,125,3,'2021-04-14 20:05:13','2020-07-14 16:28:09','2021-04-01 12:09:21'),(158,40,2,'2021-04-20 00:52:26','2021-03-27 08:39:31','2021-04-30 18:23:28'),(162,153,2,'2021-04-02 07:26:56','2020-07-11 13:33:21','2021-03-28 18:59:09'),(163,148,2,'2021-04-19 18:12:31','2020-08-09 23:07:54','2021-04-10 09:30:58'),(165,151,3,'2021-04-14 17:03:14','2021-01-27 03:42:22','2021-03-24 00:12:34'),(167,200,3,'2021-03-28 13:23:38','2020-09-07 01:28:52','2021-04-05 02:22:46'),(168,35,3,'2021-03-27 11:19:14','2020-10-05 01:51:12','2021-04-15 17:52:20'),(168,199,2,'2021-04-02 06:50:42','2021-03-19 13:12:28','2021-04-11 15:09:27'),(169,162,3,'2021-04-21 09:06:42','2020-12-14 09:35:34','2021-04-22 09:01:36'),(172,169,2,'2021-04-11 10:58:07','2020-08-03 02:18:46','2021-03-29 09:00:52'),(173,48,2,'2021-04-30 18:30:19','2021-04-04 11:02:55','2021-04-30 18:30:19'),(174,57,3,'2021-04-11 04:53:33','2020-07-04 09:03:58','2021-04-07 11:24:15'),(174,153,3,'2021-04-17 10:41:25','2021-02-14 20:06:00','2021-04-17 10:46:51'),(175,82,1,'2021-04-18 04:51:23','2020-12-19 02:19:36','2021-04-08 02:23:08'),(179,82,3,'2021-03-25 01:55:41','2020-07-07 11:39:29','2021-04-06 21:58:59'),(180,58,3,'2021-04-09 04:16:38','2020-05-22 11:19:58','2021-04-16 16:42:02'),(180,87,2,'2021-04-01 00:30:00','2020-10-23 00:17:00','2021-03-31 06:43:18'),(183,105,2,'2021-04-22 19:29:30','2020-11-04 06:22:44','2021-04-03 02:27:13'),(185,115,2,'2021-04-19 18:15:55','2020-07-02 13:54:25','2021-04-01 12:02:02'),(186,64,1,'2021-03-23 16:38:15','2020-06-04 22:46:27','2021-04-12 07:09:33'),(187,17,2,'2021-03-26 15:47:44','2020-09-20 16:04:44','2021-03-30 20:33:10'),(187,76,3,'2021-04-20 19:54:12','2021-04-09 22:17:50','2021-04-30 18:23:28'),(188,95,3,'2021-04-16 00:35:22','2021-01-19 06:13:31','2021-04-01 21:13:51'),(193,55,2,'2021-03-31 13:06:34','2021-03-25 17:27:05','2021-03-31 12:55:44'),(199,121,2,'2021-04-14 09:53:23','2020-12-10 07:31:18','2021-03-28 13:36:50');
/*!40000 ALTER TABLE `friendship` ENABLE KEYS */;
UNLOCK TABLES;

--
-- Table structure for table `friendship_statuses`
--

DROP TABLE IF EXISTS `friendship_statuses`;
/*!40101 SET @saved_cs_client     = @@character_set_client */;
/*!50503 SET character_set_client = utf8mb4 */;
CREATE TABLE `friendship_statuses` (
  `id` int unsigned NOT NULL AUTO_INCREMENT COMMENT 'Идентификатор строки',
  `name` varchar(150) CHARACTER SET utf8mb4 COLLATE utf8mb4_unicode_ci NOT NULL COMMENT 'Название статуса',
  `created_at` datetime DEFAULT CURRENT_TIMESTAMP COMMENT 'Время создания строки',
  `updated_at` datetime DEFAULT CURRENT_TIMESTAMP ON UPDATE CURRENT_TIMESTAMP COMMENT 'Время обновления строки',
  PRIMARY KEY (`id`),
  UNIQUE KEY `name` (`name`)
) ENGINE=InnoDB AUTO_INCREMENT=4 DEFAULT CHARSET=utf8mb4 COLLATE=utf8mb4_unicode_ci COMMENT='Статусы дружбы';
/*!40101 SET character_set_client = @saved_cs_client */;

--
-- Dumping data for table `friendship_statuses`
--

LOCK TABLES `friendship_statuses` WRITE;
/*!40000 ALTER TABLE `friendship_statuses` DISABLE KEYS */;
INSERT INTO `friendship_statuses` VALUES (1,'Requested','2021-04-30 18:26:42','2021-04-30 18:26:42'),(2,'Confirmed','2021-04-30 18:26:42','2021-04-30 18:26:42'),(3,'Rejected','2021-04-30 18:26:42','2021-04-30 18:26:42');
/*!40000 ALTER TABLE `friendship_statuses` ENABLE KEYS */;
UNLOCK TABLES;

--
-- Table structure for table `likes`
--

DROP TABLE IF EXISTS `likes`;
/*!40101 SET @saved_cs_client     = @@character_set_client */;
/*!50503 SET character_set_client = utf8mb4 */;
CREATE TABLE `likes` (
  `id` int unsigned NOT NULL AUTO_INCREMENT,
  `user_id` int unsigned NOT NULL,
  `target_id` int unsigned NOT NULL,
  `target_type` enum('messages','users','posts','media') NOT NULL,
  `created_at` datetime DEFAULT CURRENT_TIMESTAMP,
  PRIMARY KEY (`id`),
  KEY `idx_likes_user_id` (`user_id`),
  KEY `idx_likes_target_id_target_type` (`target_type`,`target_id`)
) ENGINE=InnoDB DEFAULT CHARSET=utf8mb4 COLLATE=utf8mb4_0900_ai_ci;
/*!40101 SET character_set_client = @saved_cs_client */;

--
-- Dumping data for table `likes`
--

LOCK TABLES `likes` WRITE;
/*!40000 ALTER TABLE `likes` DISABLE KEYS */;
/*!40000 ALTER TABLE `likes` ENABLE KEYS */;
UNLOCK TABLES;

--
-- Table structure for table `media`
--

DROP TABLE IF EXISTS `media`;
/*!40101 SET @saved_cs_client     = @@character_set_client */;
/*!50503 SET character_set_client = utf8mb4 */;
CREATE TABLE `media` (
  `id` int unsigned NOT NULL AUTO_INCREMENT COMMENT 'Идентификатор строки',
  `user_id` int unsigned NOT NULL COMMENT 'Ссылка на пользователя, который загрузил файл',
  `filename` varchar(255) CHARACTER SET utf8mb4 COLLATE utf8mb4_unicode_ci NOT NULL COMMENT 'Путь к файлу',
  `size` int NOT NULL COMMENT 'Размер файла',
  `metadata` json DEFAULT NULL,
  `media_type_id` int unsigned NOT NULL COMMENT 'Ссылка на тип контента',
  `created_at` datetime DEFAULT CURRENT_TIMESTAMP COMMENT 'Время создания строки',
  `updated_at` datetime DEFAULT CURRENT_TIMESTAMP ON UPDATE CURRENT_TIMESTAMP COMMENT 'Время обновления строки',
  PRIMARY KEY (`id`),
  KEY `media_user_id_fk` (`user_id`),
  KEY `idx_media_user_id_media_type_id` (`media_type_id`,`user_id`),
  CONSTRAINT `media_type_id_fk` FOREIGN KEY (`media_type_id`) REFERENCES `media_types` (`id`) ON DELETE CASCADE,
  CONSTRAINT `media_user_id_fk` FOREIGN KEY (`user_id`) REFERENCES `users` (`id`) ON DELETE CASCADE,
  CONSTRAINT `media_chk_1` CHECK (json_valid(`metadata`))
) ENGINE=InnoDB AUTO_INCREMENT=201 DEFAULT CHARSET=utf8mb4 COLLATE=utf8mb4_unicode_ci COMMENT='Медиафайлы';
/*!40101 SET character_set_client = @saved_cs_client */;

--
-- Dumping data for table `media`
--

LOCK TABLES `media` WRITE;
/*!40000 ALTER TABLE `media` DISABLE KEYS */;
INSERT INTO `media` VALUES (1,142,'http://yandeskdisk.ru/9p283yrp982ypry2/vk/cum.avi',344910,'{\"owner\": \"Stella Bernhard\"}',2,'2020-09-01 15:44:24','2021-04-30 18:29:43'),(2,149,'http://yandeskdisk.ru/9p283yrp982ypry2/vk/molestiae.mp4',137824,'{\"owner\": \"Linda Skiles\"}',1,'2021-01-04 19:18:31','2021-04-30 18:29:43'),(3,148,'http://yandeskdisk.ru/9p283yrp982ypry2/vk/ab.png',644389,'{\"owner\": \"Devonte Boyer\"}',1,'2021-01-17 18:33:20','2021-04-30 18:29:43'),(4,180,'http://yandeskdisk.ru/9p283yrp982ypry2/vk/alias.png',3516,'{\"owner\": \"Jairo Bernhard\"}',1,'2020-07-13 07:48:51','2021-04-30 18:29:43'),(5,4,'http://yandeskdisk.ru/9p283yrp982ypry2/vk/laboriosam.mp4',798476,'{\"owner\": \"Era Blick\"}',2,'2020-04-29 02:15:18','2021-04-30 18:29:43'),(6,41,'http://yandeskdisk.ru/9p283yrp982ypry2/vk/quos.jpeg',49213,'{\"owner\": \"Virginie Walker\"}',3,'2020-05-26 13:52:05','2021-04-30 18:29:43'),(7,136,'http://yandeskdisk.ru/9p283yrp982ypry2/vk/porro.jpeg',95018468,'{\"owner\": \"Katlyn Witting\"}',2,'2021-02-10 23:55:45','2021-04-30 18:29:43'),(8,105,'http://yandeskdisk.ru/9p283yrp982ypry2/vk/itaque.jpeg',840637,'{\"owner\": \"Katelynn McGlynn\"}',1,'2020-10-05 12:21:45','2021-04-30 18:29:43'),(9,2,'http://yandeskdisk.ru/9p283yrp982ypry2/vk/id.jpeg',9067,'{\"owner\": \"Ana Pouros\"}',2,'2021-02-09 15:32:11','2021-04-30 18:29:43'),(10,71,'http://yandeskdisk.ru/9p283yrp982ypry2/vk/maxime.avi',36748882,'{\"owner\": \"Mina Hammes\"}',2,'2021-03-07 08:01:11','2021-04-30 18:29:43'),(11,166,'http://yandeskdisk.ru/9p283yrp982ypry2/vk/vel.png',45546,'{\"owner\": \"Seth Rice\"}',2,'2020-06-08 16:39:20','2021-04-30 18:29:43'),(12,37,'http://yandeskdisk.ru/9p283yrp982ypry2/vk/eaque.png',695821,'{\"owner\": \"Zaria Dickinson\"}',4,'2021-02-27 07:22:19','2021-04-30 18:29:43'),(13,108,'http://yandeskdisk.ru/9p283yrp982ypry2/vk/repudiandae.jpeg',8943,'{\"owner\": \"Georgette Dare\"}',1,'2021-01-15 16:49:20','2021-04-30 18:29:43'),(14,92,'http://yandeskdisk.ru/9p283yrp982ypry2/vk/numquam.avi',332467,'{\"owner\": \"Sammy Stanton\"}',2,'2021-02-18 19:15:17','2021-04-30 18:29:43'),(15,146,'http://yandeskdisk.ru/9p283yrp982ypry2/vk/molestiae.avi',777925311,'{\"owner\": \"Kamille Kerluke\"}',3,'2020-07-11 15:59:37','2021-04-30 18:29:43'),(16,49,'http://yandeskdisk.ru/9p283yrp982ypry2/vk/ab.png',98006,'{\"owner\": \"Kurtis Collins\"}',2,'2021-04-07 15:26:46','2021-04-30 18:29:43'),(17,169,'http://yandeskdisk.ru/9p283yrp982ypry2/vk/nostrum.png',564872,'{\"owner\": \"Lera Harber\"}',4,'2021-02-21 20:24:48','2021-04-30 18:29:43'),(18,118,'http://yandeskdisk.ru/9p283yrp982ypry2/vk/et.avi',5807,'{\"owner\": \"Velda Schamberger\"}',3,'2020-07-16 11:30:22','2021-04-30 18:29:43'),(19,44,'http://yandeskdisk.ru/9p283yrp982ypry2/vk/cupiditate.mp4',4536,'{\"owner\": \"Matilde Cartwright\"}',2,'2021-02-28 16:14:15','2021-04-30 18:29:43'),(20,120,'http://yandeskdisk.ru/9p283yrp982ypry2/vk/doloremque.png',816959,'{\"owner\": \"Lois Macejkovic\"}',1,'2020-09-15 11:09:37','2021-04-30 18:29:43'),(21,182,'http://yandeskdisk.ru/9p283yrp982ypry2/vk/et.png',43435175,'{\"owner\": \"Jeremy Cormier\"}',4,'2021-03-04 05:30:45','2021-04-30 18:29:43'),(22,160,'http://yandeskdisk.ru/9p283yrp982ypry2/vk/reiciendis.avi',721925,'{\"owner\": \"Bernhard Hahn\"}',3,'2021-02-25 07:17:15','2021-04-30 18:29:43'),(23,49,'http://yandeskdisk.ru/9p283yrp982ypry2/vk/quo.mp4',34596,'{\"owner\": \"Kurtis Collins\"}',2,'2020-07-05 13:43:26','2021-04-30 18:29:43'),(24,140,'http://yandeskdisk.ru/9p283yrp982ypry2/vk/deleniti.avi',18609883,'{\"owner\": \"Kallie Schaden\"}',1,'2020-08-08 16:37:32','2021-04-30 18:29:43'),(25,143,'http://yandeskdisk.ru/9p283yrp982ypry2/vk/fuga.jpeg',341145,'{\"owner\": \"Gardner Predovic\"}',1,'2020-06-11 18:40:51','2021-04-30 18:29:43'),(26,137,'http://yandeskdisk.ru/9p283yrp982ypry2/vk/similique.png',380181,'{\"owner\": \"Kassandra Donnelly\"}',3,'2021-01-02 22:28:10','2021-04-30 18:29:43'),(27,89,'http://yandeskdisk.ru/9p283yrp982ypry2/vk/ea.jpeg',53560,'{\"owner\": \"Dayton Lockman\"}',4,'2020-11-26 09:01:08','2021-04-30 18:29:43'),(28,98,'http://yandeskdisk.ru/9p283yrp982ypry2/vk/vitae.jpeg',763410,'{\"owner\": \"Ted Leannon\"}',4,'2021-01-22 13:04:28','2021-04-30 18:29:43'),(29,13,'http://yandeskdisk.ru/9p283yrp982ypry2/vk/qui.jpeg',7229,'{\"owner\": \"Jessy Feest\"}',4,'2020-11-01 12:24:03','2021-04-30 18:29:43'),(30,96,'http://yandeskdisk.ru/9p283yrp982ypry2/vk/iure.png',29797033,'{\"owner\": \"Einar Gutmann\"}',4,'2021-03-02 09:48:03','2021-04-30 18:29:43'),(31,96,'http://yandeskdisk.ru/9p283yrp982ypry2/vk/voluptatem.avi',440029,'{\"owner\": \"Einar Gutmann\"}',3,'2020-11-12 17:25:14','2021-04-30 18:29:43'),(32,46,'http://yandeskdisk.ru/9p283yrp982ypry2/vk/aperiam.avi',33309230,'{\"owner\": \"Bret Olson\"}',2,'2021-01-17 16:17:32','2021-04-30 18:29:43'),(33,142,'http://yandeskdisk.ru/9p283yrp982ypry2/vk/voluptate.avi',14299,'{\"owner\": \"Stella Bernhard\"}',4,'2020-07-30 09:03:59','2021-04-30 18:29:43'),(34,180,'http://yandeskdisk.ru/9p283yrp982ypry2/vk/est.mp3',73466,'{\"owner\": \"Jairo Bernhard\"}',4,'2020-11-09 01:12:58','2021-04-30 18:29:43'),(35,59,'http://yandeskdisk.ru/9p283yrp982ypry2/vk/repellat.mp3',49603,'{\"owner\": \"Lavada Kulas\"}',2,'2020-10-28 17:09:33','2021-04-30 18:29:43'),(36,33,'http://yandeskdisk.ru/9p283yrp982ypry2/vk/deleniti.png',917928,'{\"owner\": \"Hazel Gulgowski\"}',1,'2021-04-05 07:01:35','2021-04-30 18:29:43'),(37,59,'http://yandeskdisk.ru/9p283yrp982ypry2/vk/voluptatibus.mp3',8284996,'{\"owner\": \"Lavada Kulas\"}',4,'2020-10-17 05:49:28','2021-04-30 18:29:43'),(38,158,'http://yandeskdisk.ru/9p283yrp982ypry2/vk/ab.png',213769935,'{\"owner\": \"Tara Spencer\"}',3,'2021-04-08 13:21:30','2021-04-30 18:29:43'),(39,56,'http://yandeskdisk.ru/9p283yrp982ypry2/vk/quia.png',78515,'{\"owner\": \"Hazle Bailey\"}',2,'2021-03-06 11:21:30','2021-04-30 18:29:43'),(40,157,'http://yandeskdisk.ru/9p283yrp982ypry2/vk/odio.avi',430831,'{\"owner\": \"Connor Senger\"}',4,'2020-09-04 22:12:23','2021-04-30 18:29:43'),(41,108,'http://yandeskdisk.ru/9p283yrp982ypry2/vk/dolore.avi',390370,'{\"owner\": \"Georgette Dare\"}',2,'2021-03-12 01:29:07','2021-04-30 18:29:43'),(42,107,'http://yandeskdisk.ru/9p283yrp982ypry2/vk/autem.avi',3199,'{\"owner\": \"Maia Luettgen\"}',4,'2020-11-02 16:41:54','2021-04-30 18:29:43'),(43,66,'http://yandeskdisk.ru/9p283yrp982ypry2/vk/veritatis.mp4',67757931,'{\"owner\": \"Chaya Prohaska\"}',1,'2020-05-18 16:10:57','2021-04-30 18:29:43'),(44,192,'http://yandeskdisk.ru/9p283yrp982ypry2/vk/quia.mp3',649360,'{\"owner\": \"Franco Jakubowski\"}',2,'2021-01-18 23:00:09','2021-04-30 18:29:43'),(45,195,'http://yandeskdisk.ru/9p283yrp982ypry2/vk/quia.png',65691,'{\"owner\": \"Rico Crona\"}',2,'2020-12-02 23:08:05','2021-04-30 18:29:43'),(46,36,'http://yandeskdisk.ru/9p283yrp982ypry2/vk/debitis.png',370375,'{\"owner\": \"Rogers Gleichner\"}',2,'2020-04-29 15:35:04','2021-04-30 18:29:43'),(47,32,'http://yandeskdisk.ru/9p283yrp982ypry2/vk/iste.avi',644804,'{\"owner\": \"Matteo Wuckert\"}',2,'2020-11-11 14:16:33','2021-04-30 18:29:43'),(48,153,'http://yandeskdisk.ru/9p283yrp982ypry2/vk/sequi.mp4',364351234,'{\"owner\": \"Adonis Brakus\"}',4,'2020-06-02 22:39:09','2021-04-30 18:29:43'),(49,44,'http://yandeskdisk.ru/9p283yrp982ypry2/vk/inventore.jpeg',1222,'{\"owner\": \"Matilde Cartwright\"}',3,'2020-11-17 04:20:38','2021-04-30 18:29:43'),(50,158,'http://yandeskdisk.ru/9p283yrp982ypry2/vk/eum.png',102895,'{\"owner\": \"Tara Spencer\"}',3,'2020-10-28 13:03:11','2021-04-30 18:29:43'),(51,31,'http://yandeskdisk.ru/9p283yrp982ypry2/vk/maxime.jpeg',570065,'{\"owner\": \"Beth Jones\"}',4,'2020-07-08 16:41:22','2021-04-30 18:29:43'),(52,143,'http://yandeskdisk.ru/9p283yrp982ypry2/vk/recusandae.jpeg',9719613,'{\"owner\": \"Gardner Predovic\"}',2,'2020-06-04 00:13:16','2021-04-30 18:29:43'),(53,183,'http://yandeskdisk.ru/9p283yrp982ypry2/vk/veritatis.mp4',4340949,'{\"owner\": \"Rubye Robel\"}',3,'2020-12-28 12:21:57','2021-04-30 18:29:43'),(54,196,'http://yandeskdisk.ru/9p283yrp982ypry2/vk/eveniet.png',38021240,'{\"owner\": \"Abby Bernier\"}',1,'2020-05-17 04:19:55','2021-04-30 18:29:43'),(55,198,'http://yandeskdisk.ru/9p283yrp982ypry2/vk/officiis.mp3',36992888,'{\"owner\": \"Wilber Kozey\"}',4,'2020-12-31 07:42:43','2021-04-30 18:29:43'),(56,37,'http://yandeskdisk.ru/9p283yrp982ypry2/vk/quo.mp3',819005,'{\"owner\": \"Zaria Dickinson\"}',3,'2020-08-02 07:38:32','2021-04-30 18:29:43'),(57,45,'http://yandeskdisk.ru/9p283yrp982ypry2/vk/placeat.mp3',531639,'{\"owner\": \"Bernita Howell\"}',3,'2020-07-14 15:52:36','2021-04-30 18:29:43'),(58,101,'http://yandeskdisk.ru/9p283yrp982ypry2/vk/asperiores.mp3',938000,'{\"owner\": \"Diana Prohaska\"}',3,'2021-04-03 16:42:39','2021-04-30 18:29:43'),(59,149,'http://yandeskdisk.ru/9p283yrp982ypry2/vk/aut.avi',85083,'{\"owner\": \"Linda Skiles\"}',2,'2021-03-26 19:21:37','2021-04-30 18:29:43'),(60,188,'http://yandeskdisk.ru/9p283yrp982ypry2/vk/alias.avi',601418,'{\"owner\": \"Karson Schultz\"}',3,'2020-05-24 09:39:47','2021-04-30 18:29:43'),(61,179,'http://yandeskdisk.ru/9p283yrp982ypry2/vk/sint.mp3',741840,'{\"owner\": \"Kennedi Johnston\"}',1,'2020-07-02 13:17:41','2021-04-30 18:29:43'),(62,33,'http://yandeskdisk.ru/9p283yrp982ypry2/vk/ipsam.png',331231,'{\"owner\": \"Hazel Gulgowski\"}',1,'2020-06-15 22:41:49','2021-04-30 18:29:43'),(63,105,'http://yandeskdisk.ru/9p283yrp982ypry2/vk/aut.mp4',894947,'{\"owner\": \"Katelynn McGlynn\"}',4,'2020-05-15 18:13:28','2021-04-30 18:29:43'),(64,183,'http://yandeskdisk.ru/9p283yrp982ypry2/vk/quae.jpeg',25945,'{\"owner\": \"Rubye Robel\"}',3,'2021-04-04 09:25:15','2021-04-30 18:29:43'),(65,117,'http://yandeskdisk.ru/9p283yrp982ypry2/vk/et.avi',239216,'{\"owner\": \"Wilton Kunde\"}',3,'2020-05-27 12:44:20','2021-04-30 18:29:43'),(66,51,'http://yandeskdisk.ru/9p283yrp982ypry2/vk/quo.mp3',740863,'{\"owner\": \"Kian Gerhold\"}',3,'2021-03-30 15:39:11','2021-04-30 18:29:43'),(67,131,'http://yandeskdisk.ru/9p283yrp982ypry2/vk/minus.mp4',779549576,'{\"owner\": \"Favian Maggio\"}',4,'2021-03-28 05:07:50','2021-04-30 18:29:43'),(68,37,'http://yandeskdisk.ru/9p283yrp982ypry2/vk/quos.mp4',59943732,'{\"owner\": \"Zaria Dickinson\"}',3,'2020-04-26 13:47:11','2021-04-30 18:29:43'),(69,93,'http://yandeskdisk.ru/9p283yrp982ypry2/vk/pariatur.mp4',17178844,'{\"owner\": \"Pauline Goodwin\"}',1,'2020-08-15 14:57:57','2021-04-30 18:29:43'),(70,152,'http://yandeskdisk.ru/9p283yrp982ypry2/vk/maxime.mp3',6514,'{\"owner\": \"Ryley Haag\"}',2,'2020-07-23 17:11:01','2021-04-30 18:29:43'),(71,184,'http://yandeskdisk.ru/9p283yrp982ypry2/vk/tenetur.png',391734,'{\"owner\": \"Meta Sipes\"}',4,'2020-06-01 13:48:23','2021-04-30 18:29:43'),(72,196,'http://yandeskdisk.ru/9p283yrp982ypry2/vk/voluptatum.mp3',501239,'{\"owner\": \"Abby Bernier\"}',1,'2021-02-12 06:30:30','2021-04-30 18:29:43'),(73,132,'http://yandeskdisk.ru/9p283yrp982ypry2/vk/ad.png',778546,'{\"owner\": \"Julius Jast\"}',2,'2020-09-26 21:01:10','2021-04-30 18:29:43'),(74,139,'http://yandeskdisk.ru/9p283yrp982ypry2/vk/non.avi',802867,'{\"owner\": \"Cathrine Lemke\"}',2,'2020-04-25 06:10:20','2021-04-30 18:29:43'),(75,188,'http://yandeskdisk.ru/9p283yrp982ypry2/vk/sunt.avi',379016,'{\"owner\": \"Karson Schultz\"}',3,'2021-01-26 14:32:17','2021-04-30 18:29:43'),(76,23,'http://yandeskdisk.ru/9p283yrp982ypry2/vk/et.jpeg',834896982,'{\"owner\": \"Isobel Kris\"}',4,'2021-04-08 07:10:00','2021-04-30 18:29:43'),(77,151,'http://yandeskdisk.ru/9p283yrp982ypry2/vk/et.jpeg',549442,'{\"owner\": \"Kristina Connelly\"}',2,'2021-03-26 08:58:27','2021-04-30 18:29:43'),(78,176,'http://yandeskdisk.ru/9p283yrp982ypry2/vk/aspernatur.png',600163,'{\"owner\": \"Sydnee Smitham\"}',2,'2020-11-17 15:10:07','2021-04-30 18:29:43'),(79,39,'http://yandeskdisk.ru/9p283yrp982ypry2/vk/amet.jpeg',25310101,'{\"owner\": \"Jarret Schuppe\"}',4,'2021-03-28 19:15:07','2021-04-30 18:29:43'),(80,4,'http://yandeskdisk.ru/9p283yrp982ypry2/vk/magnam.jpeg',342489,'{\"owner\": \"Era Blick\"}',4,'2020-12-20 09:39:59','2021-04-30 18:29:43'),(81,100,'http://yandeskdisk.ru/9p283yrp982ypry2/vk/et.mp3',255416,'{\"owner\": \"Rubie Wolf\"}',2,'2020-05-02 18:46:46','2021-04-30 18:29:43'),(82,104,'http://yandeskdisk.ru/9p283yrp982ypry2/vk/corporis.avi',788976,'{\"owner\": \"Ana White\"}',1,'2020-09-10 08:49:10','2021-04-30 18:29:43'),(83,46,'http://yandeskdisk.ru/9p283yrp982ypry2/vk/quis.mp3',60595548,'{\"owner\": \"Bret Olson\"}',3,'2020-04-27 07:52:08','2021-04-30 18:29:43'),(84,144,'http://yandeskdisk.ru/9p283yrp982ypry2/vk/minima.avi',901957,'{\"owner\": \"Vernice Kirlin\"}',3,'2021-03-03 15:09:48','2021-04-30 18:29:43'),(85,171,'http://yandeskdisk.ru/9p283yrp982ypry2/vk/perspiciatis.png',2925462,'{\"owner\": \"Kaylin Trantow\"}',2,'2020-11-12 10:22:48','2021-04-30 18:29:43'),(86,29,'http://yandeskdisk.ru/9p283yrp982ypry2/vk/corrupti.mp4',1861940,'{\"owner\": \"Brianne Padberg\"}',4,'2020-06-06 01:54:03','2021-04-30 18:29:43'),(87,83,'http://yandeskdisk.ru/9p283yrp982ypry2/vk/consequatur.png',42020,'{\"owner\": \"Terry Stamm\"}',1,'2020-12-02 06:09:24','2021-04-30 18:29:43'),(88,183,'http://yandeskdisk.ru/9p283yrp982ypry2/vk/in.avi',512911098,'{\"owner\": \"Rubye Robel\"}',1,'2021-01-23 01:05:53','2021-04-30 18:29:43'),(89,120,'http://yandeskdisk.ru/9p283yrp982ypry2/vk/ex.avi',472317,'{\"owner\": \"Lois Macejkovic\"}',3,'2020-11-07 09:19:34','2021-04-30 18:29:43'),(90,94,'http://yandeskdisk.ru/9p283yrp982ypry2/vk/autem.avi',9347255,'{\"owner\": \"Allie Stanton\"}',3,'2020-12-16 19:45:43','2021-04-30 18:29:43'),(91,48,'http://yandeskdisk.ru/9p283yrp982ypry2/vk/dolores.mp4',488800,'{\"owner\": \"Emilia Walker\"}',3,'2020-12-31 10:17:07','2021-04-30 18:29:43'),(92,74,'http://yandeskdisk.ru/9p283yrp982ypry2/vk/repellat.avi',645717,'{\"owner\": \"Lea Schowalter\"}',4,'2020-05-27 01:40:56','2021-04-30 18:29:43'),(93,171,'http://yandeskdisk.ru/9p283yrp982ypry2/vk/maiores.png',7011120,'{\"owner\": \"Kaylin Trantow\"}',1,'2020-12-30 12:02:22','2021-04-30 18:29:43'),(94,53,'http://yandeskdisk.ru/9p283yrp982ypry2/vk/et.mp3',14946890,'{\"owner\": \"Herta Hills\"}',1,'2021-01-11 19:11:54','2021-04-30 18:29:43'),(95,8,'http://yandeskdisk.ru/9p283yrp982ypry2/vk/et.png',801635,'{\"owner\": \"Oren Quigley\"}',2,'2020-10-18 10:33:16','2021-04-30 18:29:43'),(96,166,'http://yandeskdisk.ru/9p283yrp982ypry2/vk/officiis.avi',844630,'{\"owner\": \"Seth Rice\"}',3,'2021-01-06 06:02:00','2021-04-30 18:29:43'),(97,109,'http://yandeskdisk.ru/9p283yrp982ypry2/vk/quam.mp3',61023,'{\"owner\": \"Shyanne Lakin\"}',2,'2021-03-30 08:49:40','2021-04-30 18:29:43'),(98,137,'http://yandeskdisk.ru/9p283yrp982ypry2/vk/quo.mp3',91446,'{\"owner\": \"Kassandra Donnelly\"}',4,'2021-02-01 09:53:22','2021-04-30 18:29:43'),(99,8,'http://yandeskdisk.ru/9p283yrp982ypry2/vk/ullam.jpeg',890210,'{\"owner\": \"Oren Quigley\"}',2,'2020-10-04 10:10:47','2021-04-30 18:29:43'),(100,94,'http://yandeskdisk.ru/9p283yrp982ypry2/vk/ad.mp4',38322343,'{\"owner\": \"Allie Stanton\"}',4,'2021-04-09 15:09:35','2021-04-30 18:29:43'),(101,175,'http://yandeskdisk.ru/9p283yrp982ypry2/vk/expedita.mp4',8063,'{\"owner\": \"Saige West\"}',3,'2021-01-05 10:30:52','2021-04-30 18:29:43'),(102,133,'http://yandeskdisk.ru/9p283yrp982ypry2/vk/deserunt.mp3',257980,'{\"owner\": \"Gunner Hoeger\"}',2,'2020-10-31 04:17:09','2021-04-30 18:29:43'),(103,147,'http://yandeskdisk.ru/9p283yrp982ypry2/vk/praesentium.avi',936910,'{\"owner\": \"Elinore Lueilwitz\"}',3,'2020-10-16 09:15:17','2021-04-30 18:29:43'),(104,72,'http://yandeskdisk.ru/9p283yrp982ypry2/vk/id.avi',609274,'{\"owner\": \"Albert Spinka\"}',2,'2020-09-25 00:15:09','2021-04-30 18:29:43'),(105,37,'http://yandeskdisk.ru/9p283yrp982ypry2/vk/quasi.avi',262428,'{\"owner\": \"Zaria Dickinson\"}',4,'2021-01-26 19:19:06','2021-04-30 18:29:43'),(106,174,'http://yandeskdisk.ru/9p283yrp982ypry2/vk/ut.png',766949235,'{\"owner\": \"Paolo Kris\"}',2,'2020-12-02 20:34:11','2021-04-30 18:29:43'),(107,82,'http://yandeskdisk.ru/9p283yrp982ypry2/vk/odio.avi',1274,'{\"owner\": \"Kathleen McKenzie\"}',1,'2020-04-28 10:00:24','2021-04-30 18:29:43'),(108,83,'http://yandeskdisk.ru/9p283yrp982ypry2/vk/sint.avi',474318,'{\"owner\": \"Terry Stamm\"}',2,'2020-06-21 01:19:51','2021-04-30 18:29:43'),(109,96,'http://yandeskdisk.ru/9p283yrp982ypry2/vk/dicta.jpeg',574309,'{\"owner\": \"Einar Gutmann\"}',3,'2020-11-12 16:09:38','2021-04-30 18:29:43'),(110,62,'http://yandeskdisk.ru/9p283yrp982ypry2/vk/aperiam.jpeg',9262679,'{\"owner\": \"Felicity Green\"}',3,'2020-04-24 11:15:31','2021-04-30 18:29:43'),(111,191,'http://yandeskdisk.ru/9p283yrp982ypry2/vk/officia.mp3',438592,'{\"owner\": \"Myrtle Schamberger\"}',1,'2020-08-11 00:58:13','2021-04-30 18:29:43'),(112,11,'http://yandeskdisk.ru/9p283yrp982ypry2/vk/odit.mp4',434690792,'{\"owner\": \"Sandra O\'Reilly\"}',2,'2020-06-14 17:22:14','2021-04-30 18:29:43'),(113,95,'http://yandeskdisk.ru/9p283yrp982ypry2/vk/consequatur.mp4',83040783,'{\"owner\": \"Ken Goyette\"}',3,'2021-01-02 08:09:13','2021-04-30 18:29:43'),(114,54,'http://yandeskdisk.ru/9p283yrp982ypry2/vk/facilis.mp4',460033,'{\"owner\": \"Winnifred Bartell\"}',3,'2020-06-01 14:09:55','2021-04-30 18:29:43'),(115,27,'http://yandeskdisk.ru/9p283yrp982ypry2/vk/autem.jpeg',8899374,'{\"owner\": \"Lavon Strosin\"}',3,'2021-04-02 03:30:42','2021-04-30 18:29:43'),(116,82,'http://yandeskdisk.ru/9p283yrp982ypry2/vk/debitis.mp3',43653067,'{\"owner\": \"Kathleen McKenzie\"}',1,'2020-10-27 07:27:03','2021-04-30 18:29:43'),(117,69,'http://yandeskdisk.ru/9p283yrp982ypry2/vk/dolore.avi',6329,'{\"owner\": \"Enola Haley\"}',1,'2020-09-01 17:33:58','2021-04-30 18:29:43'),(118,60,'http://yandeskdisk.ru/9p283yrp982ypry2/vk/eos.png',8286,'{\"owner\": \"Molly Bogan\"}',1,'2020-09-30 20:23:27','2021-04-30 18:29:43'),(119,130,'http://yandeskdisk.ru/9p283yrp982ypry2/vk/doloribus.png',2441,'{\"owner\": \"Loyal Shields\"}',3,'2021-01-25 15:34:51','2021-04-30 18:29:43'),(120,82,'http://yandeskdisk.ru/9p283yrp982ypry2/vk/a.mp4',974390,'{\"owner\": \"Kathleen McKenzie\"}',4,'2021-03-21 12:08:03','2021-04-30 18:29:43'),(121,98,'http://yandeskdisk.ru/9p283yrp982ypry2/vk/neque.avi',481850,'{\"owner\": \"Ted Leannon\"}',2,'2020-10-30 07:39:23','2021-04-30 18:29:43'),(122,52,'http://yandeskdisk.ru/9p283yrp982ypry2/vk/voluptas.png',331095,'{\"owner\": \"Bridgette Price\"}',4,'2020-08-05 11:52:51','2021-04-30 18:29:43'),(123,101,'http://yandeskdisk.ru/9p283yrp982ypry2/vk/et.avi',1774,'{\"owner\": \"Diana Prohaska\"}',3,'2020-07-26 09:18:11','2021-04-30 18:29:43'),(124,32,'http://yandeskdisk.ru/9p283yrp982ypry2/vk/exercitationem.mp3',4592346,'{\"owner\": \"Matteo Wuckert\"}',4,'2021-01-24 01:57:27','2021-04-30 18:29:43'),(125,69,'http://yandeskdisk.ru/9p283yrp982ypry2/vk/libero.avi',476080,'{\"owner\": \"Enola Haley\"}',2,'2020-10-30 19:00:12','2021-04-30 18:29:43'),(126,100,'http://yandeskdisk.ru/9p283yrp982ypry2/vk/velit.png',427935,'{\"owner\": \"Rubie Wolf\"}',2,'2020-09-16 06:57:40','2021-04-30 18:29:43'),(127,120,'http://yandeskdisk.ru/9p283yrp982ypry2/vk/optio.mp3',924849,'{\"owner\": \"Lois Macejkovic\"}',3,'2020-09-06 12:14:30','2021-04-30 18:29:43'),(128,159,'http://yandeskdisk.ru/9p283yrp982ypry2/vk/iure.mp3',46326,'{\"owner\": \"Magdalen McDermott\"}',1,'2021-02-18 20:15:23','2021-04-30 18:29:43'),(129,57,'http://yandeskdisk.ru/9p283yrp982ypry2/vk/labore.jpeg',186009,'{\"owner\": \"Nichole Kunde\"}',1,'2020-07-30 23:17:32','2021-04-30 18:29:43'),(130,117,'http://yandeskdisk.ru/9p283yrp982ypry2/vk/vero.png',145497,'{\"owner\": \"Wilton Kunde\"}',2,'2020-06-09 13:20:31','2021-04-30 18:29:43'),(131,159,'http://yandeskdisk.ru/9p283yrp982ypry2/vk/distinctio.png',661740817,'{\"owner\": \"Magdalen McDermott\"}',4,'2021-04-03 09:17:15','2021-04-30 18:29:43'),(132,86,'http://yandeskdisk.ru/9p283yrp982ypry2/vk/sunt.avi',12017637,'{\"owner\": \"Wilber Feeney\"}',1,'2020-12-17 01:46:32','2021-04-30 18:29:43'),(133,12,'http://yandeskdisk.ru/9p283yrp982ypry2/vk/quo.jpeg',9996480,'{\"owner\": \"Giovani Russel\"}',3,'2020-06-21 08:45:07','2021-04-30 18:29:43'),(134,43,'http://yandeskdisk.ru/9p283yrp982ypry2/vk/quia.mp3',134362,'{\"owner\": \"Paul Bayer\"}',3,'2020-05-27 21:02:13','2021-04-30 18:29:43'),(135,76,'http://yandeskdisk.ru/9p283yrp982ypry2/vk/optio.png',8199,'{\"owner\": \"Jaleel Hackett\"}',3,'2020-08-17 12:51:55','2021-04-30 18:29:43'),(136,108,'http://yandeskdisk.ru/9p283yrp982ypry2/vk/voluptates.mp3',159459,'{\"owner\": \"Georgette Dare\"}',4,'2020-12-17 02:17:13','2021-04-30 18:29:43'),(137,179,'http://yandeskdisk.ru/9p283yrp982ypry2/vk/enim.avi',7787729,'{\"owner\": \"Kennedi Johnston\"}',4,'2020-07-25 22:49:52','2021-04-30 18:29:43'),(138,152,'http://yandeskdisk.ru/9p283yrp982ypry2/vk/non.avi',350804,'{\"owner\": \"Ryley Haag\"}',2,'2020-07-24 13:33:56','2021-04-30 18:29:43'),(139,93,'http://yandeskdisk.ru/9p283yrp982ypry2/vk/cumque.avi',311501534,'{\"owner\": \"Pauline Goodwin\"}',4,'2021-01-15 00:23:31','2021-04-30 18:29:43'),(140,76,'http://yandeskdisk.ru/9p283yrp982ypry2/vk/ab.png',265644,'{\"owner\": \"Jaleel Hackett\"}',4,'2020-07-27 17:24:15','2021-04-30 18:29:43'),(141,76,'http://yandeskdisk.ru/9p283yrp982ypry2/vk/optio.jpeg',1681757,'{\"owner\": \"Jaleel Hackett\"}',4,'2020-12-10 00:29:40','2021-04-30 18:29:43'),(142,20,'http://yandeskdisk.ru/9p283yrp982ypry2/vk/nulla.avi',39205,'{\"owner\": \"Rhett Leffler\"}',4,'2020-11-07 04:03:37','2021-04-30 18:29:43'),(143,86,'http://yandeskdisk.ru/9p283yrp982ypry2/vk/molestiae.mp3',265809,'{\"owner\": \"Wilber Feeney\"}',4,'2021-02-26 15:26:44','2021-04-30 18:29:43'),(144,9,'http://yandeskdisk.ru/9p283yrp982ypry2/vk/corrupti.png',522114,'{\"owner\": \"Kadin Herman\"}',3,'2021-03-13 19:58:09','2021-04-30 18:29:43'),(145,190,'http://yandeskdisk.ru/9p283yrp982ypry2/vk/sunt.mp4',803144,'{\"owner\": \"Jeanie Windler\"}',3,'2020-11-07 02:01:02','2021-04-30 18:29:43'),(146,27,'http://yandeskdisk.ru/9p283yrp982ypry2/vk/et.mp3',439377,'{\"owner\": \"Lavon Strosin\"}',3,'2021-01-05 18:21:30','2021-04-30 18:29:43'),(147,123,'http://yandeskdisk.ru/9p283yrp982ypry2/vk/totam.mp4',777453,'{\"owner\": \"Ronaldo Gislason\"}',3,'2021-02-01 15:11:45','2021-04-30 18:29:43'),(148,176,'http://yandeskdisk.ru/9p283yrp982ypry2/vk/quia.mp3',491731,'{\"owner\": \"Sydnee Smitham\"}',3,'2020-11-16 16:39:42','2021-04-30 18:29:43'),(149,57,'http://yandeskdisk.ru/9p283yrp982ypry2/vk/iusto.avi',75185955,'{\"owner\": \"Nichole Kunde\"}',1,'2020-06-15 05:10:10','2021-04-30 18:29:43'),(150,76,'http://yandeskdisk.ru/9p283yrp982ypry2/vk/reprehenderit.mp4',85336,'{\"owner\": \"Jaleel Hackett\"}',3,'2020-07-03 10:08:54','2021-04-30 18:29:43'),(151,143,'http://yandeskdisk.ru/9p283yrp982ypry2/vk/ullam.jpeg',559135,'{\"owner\": \"Gardner Predovic\"}',4,'2020-08-11 09:12:34','2021-04-30 18:29:43'),(152,105,'http://yandeskdisk.ru/9p283yrp982ypry2/vk/facilis.mp3',154276,'{\"owner\": \"Katelynn McGlynn\"}',3,'2020-07-16 20:40:15','2021-04-30 18:29:43'),(153,143,'http://yandeskdisk.ru/9p283yrp982ypry2/vk/reprehenderit.avi',89569,'{\"owner\": \"Gardner Predovic\"}',2,'2020-06-17 02:03:04','2021-04-30 18:29:43'),(154,200,'http://yandeskdisk.ru/9p283yrp982ypry2/vk/incidunt.mp4',453316,'{\"owner\": \"Marcellus Connelly\"}',1,'2020-05-28 01:14:22','2021-04-30 18:29:43'),(155,40,'http://yandeskdisk.ru/9p283yrp982ypry2/vk/illo.avi',579176,'{\"owner\": \"Anne Keebler\"}',2,'2020-10-28 18:54:03','2021-04-30 18:29:43'),(156,195,'http://yandeskdisk.ru/9p283yrp982ypry2/vk/nam.png',525930,'{\"owner\": \"Rico Crona\"}',3,'2020-06-17 02:52:15','2021-04-30 18:29:43'),(157,52,'http://yandeskdisk.ru/9p283yrp982ypry2/vk/voluptas.mp3',53635,'{\"owner\": \"Bridgette Price\"}',1,'2021-03-16 00:30:18','2021-04-30 18:29:43'),(158,111,'http://yandeskdisk.ru/9p283yrp982ypry2/vk/aliquid.jpeg',872312,'{\"owner\": \"Lewis Leuschke\"}',3,'2020-12-06 17:23:22','2021-04-30 18:29:43'),(159,192,'http://yandeskdisk.ru/9p283yrp982ypry2/vk/expedita.mp3',87050,'{\"owner\": \"Franco Jakubowski\"}',3,'2020-05-03 15:48:15','2021-04-30 18:29:43'),(160,80,'http://yandeskdisk.ru/9p283yrp982ypry2/vk/non.jpeg',3113,'{\"owner\": \"Assunta Funk\"}',4,'2020-08-15 10:02:00','2021-04-30 18:29:43'),(161,45,'http://yandeskdisk.ru/9p283yrp982ypry2/vk/nostrum.mp3',882126,'{\"owner\": \"Bernita Howell\"}',3,'2020-11-26 11:08:13','2021-04-30 18:29:43'),(162,129,'http://yandeskdisk.ru/9p283yrp982ypry2/vk/et.avi',822840,'{\"owner\": \"Woodrow Bashirian\"}',4,'2020-08-20 04:34:47','2021-04-30 18:29:43'),(163,18,'http://yandeskdisk.ru/9p283yrp982ypry2/vk/veritatis.mp4',798894,'{\"owner\": \"Marquis Witting\"}',3,'2020-07-04 02:27:43','2021-04-30 18:29:43'),(164,103,'http://yandeskdisk.ru/9p283yrp982ypry2/vk/est.mp3',86839,'{\"owner\": \"Chasity Ondricka\"}',2,'2020-12-08 19:13:54','2021-04-30 18:29:43'),(165,123,'http://yandeskdisk.ru/9p283yrp982ypry2/vk/at.jpeg',995930,'{\"owner\": \"Ronaldo Gislason\"}',4,'2020-06-27 01:36:51','2021-04-30 18:29:43'),(166,6,'http://yandeskdisk.ru/9p283yrp982ypry2/vk/consequuntur.mp4',457823,'{\"owner\": \"Dock Rosenbaum\"}',2,'2021-03-13 15:15:54','2021-04-30 18:29:43'),(167,161,'http://yandeskdisk.ru/9p283yrp982ypry2/vk/itaque.png',83061,'{\"owner\": \"Elsa Feeney\"}',3,'2020-05-18 06:04:26','2021-04-30 18:29:43'),(168,186,'http://yandeskdisk.ru/9p283yrp982ypry2/vk/voluptate.avi',41754083,'{\"owner\": \"Tod Price\"}',3,'2021-03-06 07:33:16','2021-04-30 18:29:43'),(169,168,'http://yandeskdisk.ru/9p283yrp982ypry2/vk/ex.mp3',29005,'{\"owner\": \"Duane O\'Reilly\"}',4,'2020-07-29 06:34:49','2021-04-30 18:29:43'),(170,138,'http://yandeskdisk.ru/9p283yrp982ypry2/vk/reprehenderit.png',810593,'{\"owner\": \"Deborah Rohan\"}',1,'2020-11-20 20:43:29','2021-04-30 18:29:43'),(171,61,'http://yandeskdisk.ru/9p283yrp982ypry2/vk/dolorum.avi',45504,'{\"owner\": \"Guiseppe Batz\"}',3,'2021-03-11 22:57:13','2021-04-30 18:29:43'),(172,123,'http://yandeskdisk.ru/9p283yrp982ypry2/vk/sapiente.jpeg',669499,'{\"owner\": \"Ronaldo Gislason\"}',3,'2020-05-04 05:04:47','2021-04-30 18:29:43'),(173,147,'http://yandeskdisk.ru/9p283yrp982ypry2/vk/reprehenderit.png',3706522,'{\"owner\": \"Elinore Lueilwitz\"}',1,'2020-12-25 20:25:39','2021-04-30 18:29:43'),(174,49,'http://yandeskdisk.ru/9p283yrp982ypry2/vk/accusantium.jpeg',905716,'{\"owner\": \"Kurtis Collins\"}',3,'2021-01-15 04:59:27','2021-04-30 18:29:43'),(175,153,'http://yandeskdisk.ru/9p283yrp982ypry2/vk/voluptate.mp3',510082,'{\"owner\": \"Adonis Brakus\"}',3,'2020-10-21 14:32:02','2021-04-30 18:29:43'),(176,119,'http://yandeskdisk.ru/9p283yrp982ypry2/vk/sint.jpeg',26974,'{\"owner\": \"Randall Vandervort\"}',4,'2020-10-09 20:53:43','2021-04-30 18:29:43'),(177,34,'http://yandeskdisk.ru/9p283yrp982ypry2/vk/sequi.png',3439,'{\"owner\": \"Alta Torphy\"}',1,'2020-09-27 07:32:31','2021-04-30 18:29:43'),(178,165,'http://yandeskdisk.ru/9p283yrp982ypry2/vk/debitis.avi',844574548,'{\"owner\": \"Randall West\"}',2,'2021-01-01 12:28:53','2021-04-30 18:29:43'),(179,152,'http://yandeskdisk.ru/9p283yrp982ypry2/vk/natus.mp3',74748,'{\"owner\": \"Ryley Haag\"}',2,'2020-12-17 11:26:54','2021-04-30 18:29:43'),(180,126,'http://yandeskdisk.ru/9p283yrp982ypry2/vk/dicta.png',823265,'{\"owner\": \"Domenica Larkin\"}',2,'2020-12-14 10:43:22','2021-04-30 18:29:43'),(181,45,'http://yandeskdisk.ru/9p283yrp982ypry2/vk/iste.mp4',795467,'{\"owner\": \"Bernita Howell\"}',3,'2021-01-06 04:38:58','2021-04-30 18:29:43'),(182,139,'http://yandeskdisk.ru/9p283yrp982ypry2/vk/tempore.mp3',576077,'{\"owner\": \"Cathrine Lemke\"}',1,'2020-11-18 23:53:07','2021-04-30 18:29:43'),(183,42,'http://yandeskdisk.ru/9p283yrp982ypry2/vk/velit.mp4',2526,'{\"owner\": \"Lucie Hansen\"}',3,'2021-03-23 10:39:31','2021-04-30 18:29:43'),(184,109,'http://yandeskdisk.ru/9p283yrp982ypry2/vk/quo.avi',107468797,'{\"owner\": \"Shyanne Lakin\"}',1,'2020-05-26 23:02:04','2021-04-30 18:29:43'),(185,109,'http://yandeskdisk.ru/9p283yrp982ypry2/vk/quis.mp3',400590,'{\"owner\": \"Shyanne Lakin\"}',1,'2020-06-21 10:50:18','2021-04-30 18:29:43'),(186,17,'http://yandeskdisk.ru/9p283yrp982ypry2/vk/esse.png',264723,'{\"owner\": \"Rafael Dicki\"}',4,'2020-05-14 11:14:21','2021-04-30 18:29:43'),(187,179,'http://yandeskdisk.ru/9p283yrp982ypry2/vk/id.mp4',121299682,'{\"owner\": \"Kennedi Johnston\"}',3,'2020-06-21 17:37:21','2021-04-30 18:29:43'),(188,81,'http://yandeskdisk.ru/9p283yrp982ypry2/vk/qui.avi',597494,'{\"owner\": \"Anne O\'Kon\"}',3,'2020-11-13 00:52:56','2021-04-30 18:29:43'),(189,173,'http://yandeskdisk.ru/9p283yrp982ypry2/vk/et.png',111842,'{\"owner\": \"Sheila Swift\"}',3,'2020-07-31 19:52:27','2021-04-30 18:29:43'),(190,64,'http://yandeskdisk.ru/9p283yrp982ypry2/vk/quis.avi',755045,'{\"owner\": \"Flo Nader\"}',3,'2021-03-06 23:41:31','2021-04-30 18:29:43'),(191,57,'http://yandeskdisk.ru/9p283yrp982ypry2/vk/at.png',429697,'{\"owner\": \"Nichole Kunde\"}',4,'2020-11-04 20:18:10','2021-04-30 18:29:43'),(192,123,'http://yandeskdisk.ru/9p283yrp982ypry2/vk/soluta.mp4',873353,'{\"owner\": \"Ronaldo Gislason\"}',2,'2021-03-15 11:07:31','2021-04-30 18:29:43'),(193,30,'http://yandeskdisk.ru/9p283yrp982ypry2/vk/repellat.avi',67674,'{\"owner\": \"Deion Bayer\"}',2,'2020-12-27 10:04:41','2021-04-30 18:29:43'),(194,142,'http://yandeskdisk.ru/9p283yrp982ypry2/vk/vero.jpeg',9107,'{\"owner\": \"Stella Bernhard\"}',4,'2020-11-17 07:03:32','2021-04-30 18:29:43'),(195,155,'http://yandeskdisk.ru/9p283yrp982ypry2/vk/aut.mp3',75384,'{\"owner\": \"Gregoria Kohler\"}',2,'2020-06-29 10:03:00','2021-04-30 18:29:43'),(196,56,'http://yandeskdisk.ru/9p283yrp982ypry2/vk/temporibus.avi',3300,'{\"owner\": \"Hazle Bailey\"}',4,'2021-03-02 03:56:15','2021-04-30 18:29:43'),(197,199,'http://yandeskdisk.ru/9p283yrp982ypry2/vk/saepe.png',708311,'{\"owner\": \"Edyth Balistreri\"}',4,'2020-05-20 09:05:23','2021-04-30 18:29:43'),(198,5,'http://yandeskdisk.ru/9p283yrp982ypry2/vk/dolor.mp4',316180229,'{\"owner\": \"Josue Klocko\"}',1,'2020-12-07 01:17:46','2021-04-30 18:29:43'),(199,118,'http://yandeskdisk.ru/9p283yrp982ypry2/vk/laborum.avi',328536,'{\"owner\": \"Velda Schamberger\"}',3,'2020-12-21 11:33:16','2021-04-30 18:29:43'),(200,50,'http://yandeskdisk.ru/9p283yrp982ypry2/vk/aut.mp3',751300794,'{\"owner\": \"Johathan Prohaska\"}',1,'2020-05-24 10:16:43','2021-04-30 18:29:43');
/*!40000 ALTER TABLE `media` ENABLE KEYS */;
UNLOCK TABLES;

--
-- Table structure for table `media_types`
--

DROP TABLE IF EXISTS `media_types`;
/*!40101 SET @saved_cs_client     = @@character_set_client */;
/*!50503 SET character_set_client = utf8mb4 */;
CREATE TABLE `media_types` (
  `id` int unsigned NOT NULL AUTO_INCREMENT COMMENT 'Идентификатор строки',
  `name` varchar(255) CHARACTER SET utf8mb4 COLLATE utf8mb4_unicode_ci NOT NULL COMMENT 'Название типа',
  `created_at` datetime DEFAULT CURRENT_TIMESTAMP COMMENT 'Время создания строки',
  `updated_at` datetime DEFAULT CURRENT_TIMESTAMP ON UPDATE CURRENT_TIMESTAMP COMMENT 'Время обновления строки',
  PRIMARY KEY (`id`),
  UNIQUE KEY `name` (`name`)
) ENGINE=InnoDB AUTO_INCREMENT=5 DEFAULT CHARSET=utf8mb4 COLLATE=utf8mb4_unicode_ci COMMENT='Типы медиафайлов';
/*!40101 SET character_set_client = @saved_cs_client */;

--
-- Dumping data for table `media_types`
--

LOCK TABLES `media_types` WRITE;
/*!40000 ALTER TABLE `media_types` DISABLE KEYS */;
INSERT INTO `media_types` VALUES (1,' file','2020-12-06 11:14:31','2021-03-24 23:48:52'),(2,'video','2020-09-09 02:52:24','2021-03-23 22:41:43'),(3,' photo','2021-04-14 09:45:02','2021-04-30 18:23:28'),(4,' audio','2020-08-13 01:54:09','2021-04-21 19:27:10');
/*!40000 ALTER TABLE `media_types` ENABLE KEYS */;
UNLOCK TABLES;

--
-- Table structure for table `messages`
--

DROP TABLE IF EXISTS `messages`;
/*!40101 SET @saved_cs_client     = @@character_set_client */;
/*!50503 SET character_set_client = utf8mb4 */;
CREATE TABLE `messages` (
  `id` int unsigned NOT NULL AUTO_INCREMENT COMMENT 'Идентификатор строки',
  `from_user_id` int unsigned NOT NULL COMMENT 'Ссылка на отправителя сообщения',
  `to_user_id` int unsigned NOT NULL COMMENT 'Ссылка на получателя сообщения',
  `body` text CHARACTER SET utf8mb4 COLLATE utf8mb4_unicode_ci NOT NULL COMMENT 'Текст сообщения',
  `is_important` tinyint(1) DEFAULT NULL COMMENT 'Признак важности',
  `is_delivered` tinyint(1) DEFAULT NULL COMMENT 'Признак доставки',
  `created_at` datetime DEFAULT CURRENT_TIMESTAMP COMMENT 'Время создания строки',
  PRIMARY KEY (`id`),
  KEY `messages_to_user_id_fk` (`to_user_id`),
  KEY `idx_messages_from_user_id_to_user_id` (`from_user_id`,`to_user_id`),
  KEY `idx_messages_is_important` (`is_important`),
  KEY `idx_messages_is_delivered` (`is_delivered`),
  FULLTEXT KEY `idx_messages_body` (`body`),
  CONSTRAINT `messages_from_user_id_fk` FOREIGN KEY (`from_user_id`) REFERENCES `users` (`id`) ON DELETE CASCADE,
  CONSTRAINT `messages_to_user_id_fk` FOREIGN KEY (`to_user_id`) REFERENCES `users` (`id`) ON DELETE CASCADE
) ENGINE=InnoDB AUTO_INCREMENT=101 DEFAULT CHARSET=utf8mb4 COLLATE=utf8mb4_unicode_ci COMMENT='Сообщения';
/*!40101 SET character_set_client = @saved_cs_client */;

--
-- Dumping data for table `messages`
--

LOCK TABLES `messages` WRITE;
/*!40000 ALTER TABLE `messages` DISABLE KEYS */;
INSERT INTO `messages` VALUES (1,64,174,'Omnis mollitia animi aut inventore. Repellendus error quo ut voluptas tenetur. Et in magnam reprehenderit nesciunt voluptate expedita consequatur. Eligendi recusandae dolore voluptatibus eum. Necessitatibus adipisci reiciendis porro adipisci eos nam.',0,1,'2021-04-20 22:56:11'),(2,77,194,'Unde maiores nihil sapiente qui minima illo sit quidem. Laboriosam eos rerum cumque magnam quibusdam non alias. Ducimus totam totam quae vitae hic ipsum.',0,0,'2021-03-25 14:10:46'),(3,170,167,'Eius sed suscipit soluta accusantium at ducimus. Cum aspernatur ut quia ut qui non iure. Iure quis temporibus maxime ut officia omnis. Corporis aut deserunt necessitatibus sunt esse temporibus qui ut. Quia cumque consequatur non voluptas cum soluta voluptas.',1,1,'2021-03-27 23:59:40'),(4,157,17,'Animi reprehenderit fugit soluta perferendis et ipsa eum vel. Omnis veniam consectetur molestias ratione nostrum non ut. Possimus iure iure excepturi qui tempore. Inventore unde quia voluptates adipisci minima vel. Quod ut neque ut.',0,0,'2021-03-27 04:22:18'),(5,109,122,'Corporis expedita nam corrupti quidem. Temporibus sint maiores labore rerum. Dolorum laudantium distinctio aperiam quos explicabo et.',1,0,'2021-03-31 13:02:14'),(6,151,75,'Fuga voluptas qui et consectetur nisi optio neque. Laboriosam non quasi dolores tempora fugit consequuntur et. Cum rem est perferendis ipsum neque temporibus.',0,1,'2021-04-10 11:30:49'),(7,197,168,'Delectus corporis laboriosam aperiam a rem facere iure. Esse ipsum voluptatem quia. Voluptatem ut ut soluta minus porro aperiam.',1,1,'2021-04-04 21:14:05'),(8,90,48,'Repellendus enim magni autem. Est fuga incidunt id.',1,0,'2021-03-24 01:59:19'),(9,191,57,'Sed sed est iste. Quod quis blanditiis magnam ex sit sunt. Quos sint sunt illum laborum rem mollitia. Corrupti sed ipsa at culpa. Dolor nostrum illo rerum.',0,1,'2021-04-12 10:18:18'),(10,188,28,'Et sed esse non quasi aspernatur animi ut. Repellendus quod earum sint ea qui. Fuga repellendus et fugit commodi.',1,1,'2021-04-11 18:15:14'),(11,175,184,'Nemo in eius velit. Ut vitae dolorum distinctio. Animi facere rerum asperiores exercitationem non libero.',0,0,'2021-04-03 04:14:07'),(12,67,25,'Animi nobis fuga fugiat aut rerum est. Expedita pariatur quia dolorum sit accusantium quis exercitationem. Optio blanditiis perspiciatis deleniti similique perferendis tempora officiis atque. Blanditiis a id numquam facere.',1,0,'2021-04-10 02:12:31'),(13,57,161,'Expedita cumque nulla molestiae nemo hic sint fugit. Nisi nostrum blanditiis rerum facilis omnis et optio. Quasi eum enim laudantium modi. Corrupti atque reprehenderit nemo placeat reprehenderit. Laudantium ut iste deleniti corporis.',0,0,'2021-04-06 20:10:36'),(14,158,143,'Et sed voluptatem vitae aut soluta dolores praesentium minus. Tenetur temporibus eum omnis ab praesentium sit nulla. Doloremque voluptates ut aspernatur placeat consequatur.',0,1,'2021-04-13 00:57:57'),(15,11,2,'Odit dolores dolores unde dolor nesciunt earum perspiciatis. Rerum sunt est neque vel quidem perspiciatis. Eum dolor culpa vel.',0,0,'2021-04-05 07:44:36'),(16,28,75,'In sunt reiciendis enim sint modi. Sed excepturi ratione deleniti voluptate molestiae magni. Velit et ducimus amet.',0,0,'2021-04-13 16:42:14'),(17,175,104,'Unde incidunt corporis ut maxime mollitia. Placeat aut magnam ea libero nostrum eum nihil. Rerum aut aut accusantium natus expedita praesentium excepturi. Reprehenderit eos voluptatibus sunt. Optio officiis libero id ad et.',0,0,'2021-04-09 10:33:08'),(18,68,144,'Repudiandae sint quis sunt temporibus. Soluta quia sit eveniet distinctio repellendus et voluptas. Ipsum non earum ab ex quo.',0,1,'2021-04-18 03:40:14'),(19,70,25,'Praesentium quo vitae et ullam illo asperiores vero. Assumenda qui ea sit aut veniam aliquid.',1,1,'2021-04-13 00:43:57'),(20,161,178,'Et laboriosam sed sit saepe. A natus culpa ut sequi sed sequi. Amet a nemo explicabo.',1,1,'2021-03-27 18:28:45'),(21,146,111,'Libero repudiandae velit qui placeat sit. Corrupti omnis adipisci deleniti eum consequatur quaerat. Necessitatibus exercitationem necessitatibus quae qui iusto aliquam repellendus.',0,1,'2021-04-13 23:42:18'),(22,53,143,'Debitis officiis vel numquam tempora alias. Sit eos beatae deserunt. Libero et delectus nemo sed ut iure nesciunt deleniti.',1,1,'2021-04-11 11:58:31'),(23,79,142,'Sapiente ipsum qui similique consequatur qui mollitia. Hic voluptas dolorem aut recusandae iure autem. Fugit quo dolor libero fugiat ea temporibus soluta. Qui voluptas voluptatem eum saepe corrupti rerum.',1,1,'2021-03-25 20:04:49'),(24,191,69,'Nihil aspernatur repudiandae et et explicabo quas aperiam. Velit enim molestiae placeat vero magni occaecati. Voluptatibus ut ut eligendi sunt earum. Excepturi earum voluptate aut itaque in fugiat.',1,0,'2021-04-11 08:57:51'),(25,199,178,'Voluptatem ut totam illum suscipit quaerat voluptatum. Labore eligendi enim accusantium illum. Ut aut rerum voluptatem. Non nobis explicabo blanditiis consequatur molestiae nisi sit.',0,0,'2021-03-27 05:48:09'),(26,97,174,'Ea odio ut qui nemo sed vitae. Qui itaque ea deleniti dolorem vitae. Ut animi aut vel occaecati assumenda suscipit ullam.',0,0,'2021-04-06 21:58:35'),(27,162,163,'Cupiditate iste quisquam qui molestiae quia similique temporibus. Exercitationem ut culpa adipisci et. Officiis tempora expedita blanditiis velit rerum. Eveniet blanditiis possimus quibusdam perferendis.',1,0,'2021-04-05 01:23:00'),(28,198,19,'Tenetur accusamus ab laboriosam aperiam aliquid. Id aut totam repellendus tempora velit consectetur excepturi. Asperiores dolore ad suscipit earum corporis.',1,0,'2021-04-07 12:30:26'),(29,124,155,'Quia aut cum cumque cum recusandae autem et enim. Ut qui excepturi occaecati corporis aperiam iusto. Autem recusandae atque error voluptatibus aut.',0,1,'2021-04-20 08:33:55'),(30,162,135,'Beatae rerum blanditiis nobis hic non accusamus aut autem. Enim repellendus aperiam culpa incidunt aut optio velit. Magnam alias doloribus dolores culpa. Iusto nam dolorem et et commodi aliquid quia.',0,0,'2021-04-04 07:06:31'),(31,156,189,'Ratione autem qui error illo qui. Vero et sapiente veritatis et dolorum. Reprehenderit labore at debitis doloremque sequi.',0,1,'2021-04-13 22:04:01'),(32,9,131,'Et asperiores est aut. Rerum odit saepe sunt accusamus explicabo dolores. Quo animi et laborum eos enim. Quia molestiae recusandae id et optio.',0,0,'2021-03-24 17:32:21'),(33,92,77,'Perspiciatis beatae dolor sed cumque tempora blanditiis impedit. Voluptatem vitae qui officia dolores dolorem nihil. Autem dolorem autem esse. Aut aperiam repellat voluptas nam aperiam corrupti voluptatem exercitationem.',0,0,'2021-04-07 01:11:41'),(34,75,161,'Amet nostrum quis dolore aut. Illum omnis dolorem vitae in. Deserunt ut vel odit possimus minus non.',1,1,'2021-04-11 06:37:37'),(35,101,35,'Itaque nesciunt repellendus architecto quam consequatur dolorem. Qui laboriosam modi eius. Unde enim vitae et vel. Illum quis quo corrupti doloremque dolores aut optio.',1,0,'2021-04-22 02:00:19'),(36,139,47,'Fuga aut totam nemo. Reprehenderit molestiae optio aut. Voluptatem aliquam dolores animi unde soluta qui eligendi.',1,0,'2021-03-28 03:46:05'),(37,146,191,'Dolor perspiciatis veniam qui non. Veritatis et velit explicabo mollitia sunt esse soluta. Ipsa labore earum aliquam velit delectus aut.',0,1,'2021-03-31 15:26:43'),(38,189,24,'Corporis voluptatem rerum ut voluptatum laudantium nesciunt accusantium nam. Autem qui sit excepturi reprehenderit sint ea dolorem quia.',1,0,'2021-04-15 09:30:04'),(39,133,179,'Vero laborum repudiandae quod ea temporibus. Ut sed suscipit minima inventore nihil et. Voluptatibus consequatur accusamus esse dignissimos.',1,1,'2021-03-30 18:28:32'),(40,92,131,'Consequuntur unde repellat a harum ut. Nobis nulla odit quis. Labore enim est aliquam neque laudantium sunt distinctio consequatur. Dolores doloremque vitae perspiciatis necessitatibus dolores. Beatae necessitatibus et facilis dolorum hic voluptas.',1,0,'2021-04-03 02:04:45'),(41,157,189,'Aut iste fugit omnis officia facere distinctio. Cupiditate eligendi iure mollitia ullam rem quibusdam praesentium assumenda. Laudantium cum sed nostrum aut sed blanditiis. Exercitationem earum iure et iure accusantium ex ut.',1,1,'2021-03-25 04:40:52'),(42,104,118,'Dolore et voluptatum quod laboriosam necessitatibus qui. Adipisci pariatur voluptates placeat enim consectetur. Perspiciatis quae repellendus molestiae quam doloremque. Nihil repellendus ipsa cupiditate vitae.',1,0,'2021-04-03 14:34:07'),(43,151,102,'Officiis aut et earum. Eum blanditiis non sit magni debitis. Praesentium veritatis maxime ut.',0,1,'2021-04-19 18:07:41'),(44,137,75,'Voluptas repellat ipsa et dolore qui. Molestiae nihil quidem aliquam odit accusantium ex.',1,0,'2021-04-04 03:35:27'),(45,56,98,'Ab magni aliquam earum at. Sed consequatur enim et deleniti rerum. Laudantium consequatur cumque dolores aut voluptatem dolores.',1,0,'2021-03-24 18:35:33'),(46,9,12,'Et doloribus reprehenderit atque. Totam dolorum labore quasi quia non nisi amet dolores. Ea consectetur autem consequatur. Omnis ut dicta dolor. Quia ullam est quidem numquam.',1,1,'2021-03-26 12:59:01'),(47,86,18,'Expedita quia animi aut ex. Enim deserunt odit autem at. Ea tempora quisquam ab voluptas soluta. Quibusdam rerum omnis voluptatem sit ullam rerum nesciunt.',0,0,'2021-03-30 08:01:31'),(48,142,177,'Praesentium reprehenderit fugiat est sint ut. Delectus alias voluptatem provident officiis asperiores. Sapiente aut provident quo molestiae necessitatibus.',0,0,'2021-03-30 19:49:52'),(49,94,16,'Est corporis excepturi aut quos nulla. Magni vel voluptatem voluptatem architecto optio repudiandae quibusdam. Eum sit nisi incidunt iste omnis qui. Consequatur eos quas dolor ducimus explicabo.',0,0,'2021-04-22 20:56:31'),(50,138,195,'Quas recusandae ut magni at. Autem temporibus aliquid earum ea minima. Iste laborum facere consequatur qui. Voluptatem optio est sit voluptatem corporis eaque. Facere recusandae qui voluptatem doloremque doloremque culpa harum ab.',1,1,'2021-04-14 16:00:08'),(51,50,77,'Numquam sed et et pariatur. Asperiores natus ratione quis suscipit. Libero corrupti labore dolores ut qui culpa omnis. Nulla neque est laudantium earum eos et.',0,1,'2021-04-19 05:09:06'),(52,41,195,'Totam blanditiis qui iure nihil aspernatur libero magni. Pariatur hic illo fugiat itaque quo ullam. Totam numquam tenetur omnis necessitatibus id itaque. Quo corrupti voluptas ab molestiae.',1,0,'2021-04-08 09:32:02'),(53,67,30,'Adipisci ipsum optio voluptatem autem aliquam id voluptas. Distinctio molestiae quis consectetur molestiae et in commodi. Eos debitis totam doloremque facere sed eius qui.',0,1,'2021-03-29 11:04:45'),(54,19,199,'Soluta non maiores sit et qui. Et itaque incidunt eligendi sunt. Sit libero quos velit expedita enim quam. Qui esse qui et delectus.',1,1,'2021-04-12 08:32:37'),(55,9,111,'Officiis laborum quisquam excepturi et. Eos quo debitis deleniti rerum nihil sequi. Debitis vero quam quis ipsum sint enim.',1,1,'2021-04-12 07:09:50'),(56,130,166,'Enim vitae exercitationem dignissimos velit libero sequi et incidunt. Suscipit eum maxime enim facere consequatur perferendis aut. Quisquam ut eius recusandae non at adipisci eius.',0,0,'2021-04-22 02:43:11'),(57,99,33,'Provident occaecati non quia sapiente. Est rerum facere animi voluptate ipsam ullam velit.',0,1,'2021-04-16 23:28:37'),(58,83,49,'Ducimus maiores eligendi dicta inventore consequatur dolorem doloribus. Molestias aut et veritatis omnis sit. Et iure totam dolores est dolore quo quia. Ratione sequi nam ex qui.',0,0,'2021-04-16 08:48:05'),(59,134,20,'Aspernatur quis soluta voluptas mollitia ea nulla natus iure. Qui magnam et et corrupti. Cum eos ut et aliquid molestiae. Ipsam corrupti quia temporibus hic.',0,0,'2021-04-07 18:40:35'),(60,124,190,'Autem laudantium quas sint molestias voluptates recusandae. Praesentium praesentium laborum quia qui aperiam omnis dolorum. Voluptas aut vero rem et eos ex sint. Ab eum molestiae atque repellat corporis necessitatibus dolores commodi.',0,0,'2021-03-27 01:14:52'),(61,117,133,'Consequatur dolores voluptatem quam sed. Commodi qui in harum. Occaecati et nam omnis et sit quo iure. Cum doloremque nam vero.',0,1,'2021-03-29 05:19:12'),(62,1,3,'Dolor velit dolores expedita cupiditate. Error nam facere qui sequi velit eveniet sint. Rerum quis magni consequatur ullam.',0,0,'2021-03-31 17:05:24'),(63,150,143,'Rerum maxime voluptatibus quo sint sunt consequatur optio. Omnis nihil est eius quod ut dicta. Et enim reiciendis fugit inventore natus qui quasi voluptatem.',1,0,'2021-04-05 08:23:06'),(64,179,44,'Quia asperiores et omnis eaque. Qui et assumenda eum in incidunt id quas. Aliquid laborum explicabo soluta dolores fugiat deserunt impedit.',0,0,'2021-03-27 08:36:37'),(65,158,117,'Minima laudantium ipsam tempore nihil animi dolores. Vel sint quaerat facilis et aliquid amet sit. Rerum sed deserunt et dolorem rerum doloribus.',0,1,'2021-03-31 21:42:46'),(66,38,8,'Consequatur voluptate soluta sit. Non et quasi minus quasi quas rerum. Iure molestiae magnam quia tempora consequatur et id. Et aut ducimus dicta culpa.',0,0,'2021-04-19 23:36:29'),(67,193,78,'Dolor mollitia et eos adipisci voluptas eveniet quis. Sint sit est quo quis qui rerum. Dolorem ut sed rem expedita autem ratione est. Quo molestiae voluptatem reprehenderit fugiat omnis delectus.',0,0,'2021-03-25 10:05:06'),(68,3,60,'Et dolores tempore minus voluptatum ipsum rerum repudiandae quisquam. Explicabo esse aut consequatur saepe aut ex qui. Veniam reprehenderit eum eum eligendi iusto delectus rerum nobis. Sequi corporis excepturi possimus facere quod.',1,0,'2021-04-14 16:22:14'),(69,108,21,'Qui quis laborum ducimus cupiditate ipsam omnis vel ipsam. A debitis accusantium accusantium molestiae reprehenderit nihil quo. Nihil voluptatum earum quia nemo dolorem consequatur asperiores.',0,0,'2021-03-28 15:42:08'),(70,58,116,'Quo rem vitae quia quis sit eos voluptatibus. Vel quo fugit quia saepe iste qui ad. Voluptatem molestiae fugiat neque accusantium harum accusantium perferendis in.',0,0,'2021-04-04 09:16:48'),(71,131,187,'Totam hic dolore molestias consequuntur. Qui consectetur repudiandae et et.',0,0,'2021-03-26 05:17:44'),(72,81,30,'Id odit praesentium ducimus totam. Dolor corporis et est molestiae molestiae est consectetur. A ut libero tempore ipsam qui magnam.',0,0,'2021-03-30 05:01:19'),(73,20,164,'Itaque reprehenderit impedit ut in explicabo mollitia. Natus ut facere molestias. Recusandae reprehenderit et consequatur delectus.',1,0,'2021-03-28 10:36:02'),(74,79,154,'Consequatur voluptate suscipit quas ut cupiditate. Et nihil aut quaerat exercitationem soluta. Ut omnis in asperiores. Facere nisi tempore vero est dolor est est veritatis. Sapiente quo ipsa voluptatibus voluptates sint.',1,0,'2021-04-14 11:07:04'),(75,183,2,'Ducimus quis est eligendi ipsam dolores earum. Qui ex odit adipisci non veritatis repudiandae consequuntur. Ipsum nisi in odit eos non.',1,1,'2021-04-15 06:46:08'),(76,143,100,'Eos quia consequatur ratione exercitationem quidem tempora minus. Magni rem autem excepturi omnis aspernatur est dolorem. Quis molestiae dolores ut nobis vel eos. Quod quas sed est enim.',0,0,'2021-04-12 17:56:01'),(77,134,144,'Minus id et mollitia alias occaecati numquam assumenda. In minus ut quis perspiciatis corporis. Provident at libero in sint reiciendis quaerat. Dolores est quia laudantium porro perferendis nisi.',0,1,'2021-03-28 07:46:36'),(78,102,83,'Voluptate vitae et aut sit. Nemo quos beatae non velit. Sit occaecati omnis odit officia qui ducimus. Inventore corporis enim itaque est assumenda laboriosam velit.',1,1,'2021-04-22 07:11:12'),(79,86,81,'Sit sapiente quas qui et magni voluptate qui. Optio accusamus quasi in. Expedita dolor ea itaque perferendis. Perspiciatis eaque aliquid et cumque vel qui tempore.',1,1,'2021-04-02 11:16:07'),(80,127,44,'Tempore quis distinctio accusantium sunt. Ab vero adipisci est doloremque tempore beatae. Doloribus nihil aliquam maxime libero rerum voluptas necessitatibus iusto.',0,0,'2021-03-25 22:13:30'),(81,197,164,'Est voluptatibus atque dolor animi et et et. Et eos ullam aliquam quasi fugiat. Inventore qui sed quia quis voluptatem.',1,1,'2021-04-08 23:18:50'),(82,51,190,'Neque est vero ut molestiae et ipsa numquam quae. Explicabo laboriosam quae recusandae reprehenderit et. In perspiciatis amet sit expedita ullam.',0,1,'2021-04-20 11:19:46'),(83,42,54,'Magni necessitatibus et nobis dolore esse. Esse debitis sint accusantium assumenda reiciendis dolore et aliquam. Rerum necessitatibus fugit aspernatur.',0,0,'2021-03-30 13:24:56'),(84,49,149,'Nesciunt labore maiores repudiandae ab. Illo libero facilis libero assumenda. Est quo ut ut voluptatem et. Ratione facilis quidem culpa aut est rem asperiores officia.',1,0,'2021-04-05 14:01:27'),(85,74,107,'Perferendis aliquid officia itaque esse suscipit rerum. Ut enim et id qui quis. Dolore ullam est voluptas non eligendi dolore sunt voluptatem.',0,1,'2021-04-21 15:09:17'),(86,65,5,'Fugiat qui at quo quis qui. Et laborum quia nihil voluptas. Eligendi alias eveniet nobis quas. In placeat quibusdam eum quas quam sed.',0,1,'2021-04-04 03:37:25'),(87,94,146,'Odit possimus in molestiae sapiente sapiente repudiandae. Ullam debitis consequatur dolorem harum. Impedit consequatur totam quia cupiditate eum dolor non. At aut doloribus a ratione sed sed et. Architecto nulla dicta labore eum.',1,1,'2021-04-08 17:39:38'),(88,34,113,'Et ipsam voluptatem qui est. Culpa et deserunt id quibusdam possimus. Et totam aliquam sint nesciunt velit velit non. Ipsam iure et repellendus vel ea neque sed.',0,1,'2021-03-25 02:56:02'),(89,110,112,'Corrupti quas qui distinctio atque dolor. Rerum ad nulla dolores aliquam et dolores. In modi dolor neque harum aspernatur qui.',0,0,'2021-04-05 05:19:02'),(90,67,93,'Autem ab explicabo quaerat atque ut sit. Aliquam dolorem a sed dolor. Quia et amet dignissimos quidem quia voluptatem aut.',1,1,'2021-03-27 23:12:46'),(91,114,9,'Voluptatem est eum illo consectetur id eos et. Et debitis minima repellat molestiae quia deserunt molestiae provident. Magnam delectus et dolores sit dignissimos qui sit culpa. Dolores qui enim provident quam quas repudiandae.',1,0,'2021-04-19 13:49:55'),(92,192,47,'Quasi asperiores a dolorem. Impedit repellat magni officiis minima.',0,0,'2021-03-31 10:54:06'),(93,153,93,'Adipisci laboriosam est sapiente similique et nulla. Et doloribus harum deserunt tempore error quidem. Eaque sed nulla nobis delectus nemo. Alias sunt nam beatae. Dolor voluptatum odio commodi earum consequatur rerum laboriosam.',0,0,'2021-04-01 21:41:01'),(94,130,38,'Amet nihil voluptatum aspernatur quo porro porro consequatur. Harum et et qui sapiente velit. Omnis aspernatur numquam dolores voluptas suscipit distinctio eum.',1,1,'2021-04-07 19:33:56'),(95,174,56,'Commodi voluptas voluptatem in nihil ut quos. Quia beatae tenetur ut et fugit quia quis. Doloribus sed magni perferendis quaerat velit molestiae tempore.',1,1,'2021-04-06 05:47:15'),(96,81,170,'Distinctio consequatur eius ea tempora soluta. Consequatur exercitationem est repudiandae quod excepturi voluptas et. Aut exercitationem ipsa eos quam et laudantium voluptatem ut. Magnam molestias praesentium sit ducimus.',0,0,'2021-04-16 03:51:11'),(97,20,132,'Distinctio soluta aperiam aut non dolorum minus rerum est. Quo doloribus cum corporis quia ut. Voluptates voluptatibus sint cupiditate quisquam fuga.',1,0,'2021-04-08 10:40:02'),(98,160,61,'Voluptatem quam omnis ipsum nihil. Autem perferendis hic praesentium qui consequatur. Deserunt voluptatibus ut dolor vero eius neque delectus.',0,1,'2021-04-06 11:37:59'),(99,185,9,'Velit consequatur quia alias qui est distinctio. Aliquid dolores quasi error qui aspernatur dignissimos. Autem temporibus iste temporibus ea.',1,0,'2021-04-01 05:29:33'),(100,10,59,'Est facilis odit voluptatem officiis in fugit repellendus illum. Quo odio nihil sunt cumque. Eaque ipsum modi molestiae ipsum sed at.',1,1,'2021-03-26 19:03:13');
/*!40000 ALTER TABLE `messages` ENABLE KEYS */;
UNLOCK TABLES;

--
-- Table structure for table `posts`
--

DROP TABLE IF EXISTS `posts`;
/*!40101 SET @saved_cs_client     = @@character_set_client */;
/*!50503 SET character_set_client = utf8mb4 */;
CREATE TABLE `posts` (
  `id` int unsigned NOT NULL AUTO_INCREMENT,
  `user_id` int unsigned NOT NULL,
  `community_id` int unsigned DEFAULT NULL,
  `head` varchar(255) CHARACTER SET utf8mb4 COLLATE utf8mb4_unicode_ci DEFAULT NULL,
  `body` text CHARACTER SET utf8mb4 COLLATE utf8mb4_unicode_ci NOT NULL,
  `media_id` int unsigned DEFAULT NULL,
  `is_public` tinyint(1) DEFAULT '1',
  `is_archived` tinyint(1) DEFAULT '0',
  `created_at` datetime DEFAULT CURRENT_TIMESTAMP,
  `updated_at` datetime DEFAULT CURRENT_TIMESTAMP ON UPDATE CURRENT_TIMESTAMP,
  PRIMARY KEY (`id`),
  KEY `posts_user_id_fk` (`user_id`),
  KEY `posts_community_id_fk` (`community_id`),
  KEY `posts_media_id_fk` (`media_id`),
  KEY `idx_posts_is_public` (`is_public`),
  KEY `idx_posts_is_archived` (`is_archived`),
  FULLTEXT KEY `idx_posts_head` (`head`),
  FULLTEXT KEY `idx_posts_body` (`body`),
  CONSTRAINT `posts_community_id_fk` FOREIGN KEY (`community_id`) REFERENCES `communities` (`id`) ON DELETE CASCADE,
  CONSTRAINT `posts_media_id_fk` FOREIGN KEY (`media_id`) REFERENCES `media` (`id`) ON DELETE CASCADE,
  CONSTRAINT `posts_user_id_fk` FOREIGN KEY (`user_id`) REFERENCES `users` (`id`) ON DELETE CASCADE
) ENGINE=InnoDB AUTO_INCREMENT=101 DEFAULT CHARSET=utf8mb4 COLLATE=utf8mb4_unicode_ci;
/*!40101 SET character_set_client = @saved_cs_client */;

--
-- Dumping data for table `posts`
--

LOCK TABLES `posts` WRITE;
/*!40000 ALTER TABLE `posts` DISABLE KEYS */;
INSERT INTO `posts` VALUES (1,7,2,'Molestias rerum dignissimos ab voluptatem consequatur deserunt.','Quia error molestias saepe repellat ut quod iste. Aut perferendis molestiae repellat ut aut. Fugiat culpa sit id illo.',85,1,1,'2021-04-24 08:32:33','2021-05-20 18:10:30'),(2,63,24,'Id laboriosam eligendi non aut.','Quia non qui fugiat perspiciatis amet voluptatem iusto. Corrupti magnam quod quos. Ad natus et quos perspiciatis assumenda quaerat voluptatum. Nam illo expedita consequatur provident aut eum temporibus iure.',195,1,1,'2021-02-01 07:08:10','2021-04-21 11:39:36'),(3,39,20,'Non excepturi et quia iusto enim nesciunt soluta quibusdam.','Quo non in aut voluptatem ea doloribus esse. Sunt nesciunt dolore quod.',116,0,0,'2020-06-28 01:57:41','2021-04-29 22:28:00'),(4,47,19,'Error quod harum vel rerum aperiam eaque.','Repudiandae dicta itaque earum et voluptates at. Repudiandae reiciendis deleniti quam eveniet quo ut.',18,0,0,'2020-07-04 18:24:13','2021-04-20 03:43:54'),(5,60,27,'Sint voluptas tenetur sit in accusamus ad.','Eos fuga ipsa sit voluptatem aut veritatis molestiae. Ut sequi illo rerum enim et. Et aut temporibus nulla.',154,0,1,'2020-08-14 14:01:07','2021-05-06 04:26:05'),(6,83,19,'Commodi inventore nisi itaque id sunt.','Iste asperiores vero quas non magnam. Deserunt illum reprehenderit placeat illo. Dicta natus maxime impedit pariatur sed adipisci porro.',119,1,0,'2021-04-09 18:19:43','2021-05-20 18:10:30'),(7,53,2,'Itaque est mollitia ut.','Sunt ab dolores sit ut omnis labore autem. Fuga esse nobis autem sunt neque repudiandae et. Est totam eos cumque quasi repudiandae occaecati ut. Eius molestiae magni quia omnis eveniet impedit.',124,0,0,'2021-02-20 00:47:12','2021-04-25 18:54:14'),(8,64,28,'Blanditiis qui velit est aliquam accusamus esse aspernatur.','Quis ea qui aut aut quisquam est nobis ut. Distinctio consequatur non autem cumque et dignissimos. Animi suscipit recusandae quis officia tenetur perspiciatis.',90,1,1,'2021-01-13 01:40:44','2021-05-06 16:27:56'),(9,39,3,'Beatae numquam recusandae eos architecto accusamus.','Nisi ipsam quidem maxime praesentium. Voluptas ullam laboriosam maxime et accusamus error porro sit. Odit rem quia qui pariatur quidem nobis autem.',105,0,1,'2021-01-21 08:28:02','2021-04-13 22:04:25'),(10,43,22,'Reiciendis possimus officiis officia minima quis.','Est ut ipsam iure doloremque. Possimus eos deserunt voluptatibus suscipit vel. Aliquid quidem corporis non pariatur.',165,0,1,'2020-06-11 12:21:50','2021-04-22 15:11:59'),(11,18,20,'Voluptate delectus qui ipsam soluta eligendi consequatur.','Sit sed est ab est. Quidem quia ut modi magnam error et. Numquam velit beatae perspiciatis molestiae.',71,0,0,'2021-04-19 08:14:18','2021-05-20 18:10:30'),(12,78,10,'Doloremque enim fugit sit totam qui dolorum in consequatur.','Unde quis eveniet est eum id ut consequuntur. Amet sit excepturi officiis provident cupiditate quod doloremque. Praesentium nihil doloribus reprehenderit ut sunt cupiditate dicta facilis. Aspernatur illo in rerum totam officia.',66,0,0,'2020-07-26 02:41:58','2021-04-30 13:01:03'),(13,89,22,'Non autem eveniet velit error unde illo.','Repellendus veniam voluptatem alias qui alias error est. Itaque ut dolorem ducimus perspiciatis veniam nulla repellat.',40,1,1,'2021-03-19 16:07:17','2021-04-19 01:06:32'),(14,81,9,'Omnis inventore nulla quasi possimus aut.','Fuga voluptate sit rerum harum et similique harum modi. Quia consequatur aperiam dolor autem mollitia. Dolores fuga unde mollitia accusantium praesentium.',4,1,1,'2020-11-27 17:11:31','2021-04-17 23:23:48'),(15,10,14,'Tenetur qui cum tenetur esse aut iusto optio maxime.','Omnis impedit sit velit iste voluptatem. Qui molestiae aliquam laudantium provident pariatur adipisci voluptatibus. Dignissimos porro blanditiis natus aliquid laudantium quibusdam provident. Error sint rerum pariatur cum quia suscipit rerum. Reiciendis qui et in dolore aut distinctio.',34,1,0,'2020-12-24 20:27:15','2021-05-06 04:36:55'),(16,13,1,'Accusamus dignissimos laudantium quod vel quo.','Consequatur itaque qui natus est quo repellat dolorem. Reiciendis optio dicta dolor temporibus laborum laboriosam. Aut dolorum in ut dignissimos.',16,1,0,'2020-07-05 13:32:43','2021-04-29 01:36:50'),(17,42,24,'Sit et neque in earum.','Eveniet non aut perspiciatis asperiores. Repudiandae qui excepturi maxime dolorum doloribus quo rerum odio. Molestias in aut nam quia. Sint aut in ipsum possimus dolorem sed.',131,0,0,'2020-11-23 22:35:17','2021-04-08 20:42:46'),(18,43,23,'Atque dolores asperiores aliquid quo laudantium dicta ipsum.','Vitae blanditiis non et corporis. Soluta sed hic vitae aliquam iusto beatae. A in necessitatibus voluptatibus et in quibusdam atque. Nisi aut quia nesciunt est ipsa.',2,1,1,'2020-09-15 11:14:50','2021-04-19 16:28:17'),(19,87,18,'Vero suscipit officiis omnis iste optio impedit.','Ut dolorum fuga quasi quia explicabo. Sequi quae ea possimus veniam provident sapiente aliquid magnam. Eveniet beatae doloremque ut.',75,0,0,'2020-12-04 14:14:45','2021-04-08 22:16:48'),(20,15,18,'Non ullam et sequi excepturi voluptatibus dolor.','Illo praesentium quod architecto et voluptate accusantium et. Porro earum molestiae tempora pariatur. Totam sed quos in et.',96,1,0,'2020-08-29 02:12:38','2021-04-24 16:36:32'),(21,5,21,'Beatae necessitatibus qui inventore atque voluptas.','Reiciendis iure omnis qui quia in. Eum reprehenderit consequuntur dolore aut eaque alias. Omnis explicabo sint consequatur labore eum. Exercitationem asperiores quia atque dolorem.',132,1,1,'2020-10-30 03:28:34','2021-05-06 22:48:54'),(22,56,5,'Neque illum enim veniam et voluptas nulla.','Cum et ab qui et voluptas dolor. Voluptatem culpa nobis molestias. Est voluptas sequi animi nulla assumenda tenetur ratione. Quis et qui ut sit.',185,0,1,'2020-09-28 20:55:18','2021-04-07 21:21:25'),(23,47,11,'Ea aut quo quia.','Molestias laboriosam architecto nemo dicta quidem ut. Voluptates tenetur suscipit exercitationem qui. Enim aut non a nisi esse molestias.',135,1,0,'2021-02-04 18:56:10','2021-04-30 15:06:34'),(24,32,7,'Qui ipsam minima ea et a iste quaerat facere.','Dolor vero praesentium asperiores cumque voluptatum nemo. Quia libero consequatur eius animi et vel fuga.',170,0,0,'2021-01-20 17:41:27','2021-04-28 19:06:32'),(25,91,21,'Id rerum et sed quas explicabo eum ea.','Et nulla magnam earum iure ut non. Eligendi id enim ea est asperiores. Quam numquam sunt voluptas illo. Facilis nobis nobis saepe ipsam.',111,0,1,'2020-07-24 04:07:30','2021-05-07 00:02:24'),(26,67,17,'Laboriosam et et facilis et fugiat.','Explicabo sint mollitia est porro consequatur. Laboriosam sed dolores pariatur dolor vero eligendi culpa.',122,1,0,'2020-07-08 07:17:14','2021-04-29 12:56:54'),(27,69,16,'Qui voluptate nulla et eos.','Perferendis atque enim quo explicabo repellendus. Est fuga non eos modi dolores dolores expedita. Animi molestias amet harum ullam blanditiis.',13,0,1,'2020-10-05 04:05:42','2021-04-18 15:06:26'),(28,7,7,'Iste recusandae nisi voluptate.','Occaecati ut laudantium eos saepe totam ipsa. Est tenetur dignissimos quod ipsum sequi magnam. Cum non ducimus ut et voluptas facere. Commodi qui reiciendis sequi ut eos.',50,1,1,'2020-12-20 06:33:48','2021-04-20 07:38:46'),(29,74,4,'Eligendi dolor architecto explicabo nobis.','Sint nihil vitae consectetur ducimus pariatur ea voluptatibus. Sapiente voluptatem aut est autem voluptas necessitatibus.',165,1,1,'2021-05-02 01:14:04','2021-05-20 18:10:30'),(30,58,26,'Ad consequatur nisi omnis.','Numquam aperiam inventore nobis sit. Neque dolorem autem laudantium omnis impedit molestiae. Aut beatae error sit necessitatibus et eos. Dolorem recusandae voluptatem ea. Asperiores veniam aperiam sint quo.',68,0,1,'2020-07-01 11:25:51','2021-04-13 19:03:33'),(31,61,14,'Ut ratione aut architecto magnam.','Quibusdam quaerat consectetur a voluptate dignissimos suscipit quisquam facilis. Ut facilis in suscipit officia ipsa et. Amet architecto nesciunt et quidem. Quod ratione sit praesentium aut.',130,1,0,'2020-07-03 14:29:27','2021-04-14 17:39:29'),(32,72,21,'Hic nam est quasi.','Eum tempore distinctio quibusdam enim. Voluptatem alias in quo magni consequatur earum. At totam est quis.',9,1,0,'2020-12-25 14:37:20','2021-04-25 20:08:42'),(33,68,28,'Sunt voluptatem in sunt sapiente et.','Explicabo non non non autem voluptas quas excepturi. Et nam repellendus veniam molestiae.',5,0,1,'2021-05-05 20:09:06','2021-05-06 01:47:20'),(34,60,28,'Adipisci aut hic et quibusdam quo.','Ut rerum velit earum perspiciatis id. Qui tempore necessitatibus et ut. Qui aliquid ut ab ipsum in qui. Nemo exercitationem non eaque voluptatem.',83,1,0,'2021-03-31 11:06:05','2021-05-07 06:35:55'),(35,71,25,'Et non molestiae id enim at.','Perferendis expedita culpa aut optio unde. Beatae excepturi eum corporis possimus esse inventore. Consequuntur excepturi et aut est necessitatibus sed consequuntur. Inventore provident qui vero omnis illum. Quia perspiciatis voluptatem ipsa quod explicabo.',38,1,0,'2020-07-09 13:14:22','2021-04-28 08:15:30'),(36,32,4,'Ut voluptas veniam aliquid nihil molestiae ipsam ipsum.','Adipisci inventore alias numquam suscipit aperiam quisquam laboriosam. Officia voluptatem illum molestias explicabo. Adipisci voluptatem ipsa tenetur voluptatem et.',46,0,1,'2021-04-23 10:07:58','2021-05-20 18:10:30'),(37,94,28,'Est doloremque modi et culpa qui quis quae.','Explicabo maxime quod voluptatibus vel. Non soluta itaque ipsa veniam qui dolores. Alias corporis enim blanditiis vitae laboriosam minus. Ut recusandae ea aliquam et.',169,0,1,'2020-12-04 20:33:10','2021-04-26 15:49:47'),(38,74,20,'Sit dolore consequatur maiores quia placeat saepe dolore.','Sint facere sunt cumque deserunt omnis. Pariatur et numquam aut voluptas quia pariatur. Laborum asperiores enim exercitationem inventore voluptas eius quam aut.',54,1,1,'2021-04-30 22:01:33','2021-05-20 18:10:30'),(39,1,21,'Dolores dicta distinctio molestias ducimus repellat iusto saepe.','Dignissimos deleniti laborum molestiae molestiae omnis eveniet. Est dolorem ea perspiciatis minus nesciunt. Sit enim quo ad facilis omnis eos.',154,1,1,'2021-04-20 09:28:03','2021-04-26 09:42:20'),(40,31,9,'Perspiciatis quibusdam ut laboriosam minima occaecati tenetur vel sed.','Quia et quas eos ut non aliquid. Enim aliquid corporis esse libero sit distinctio voluptas. Voluptates repellat et est amet debitis quis ut. Tempore hic incidunt sed eius.',45,1,1,'2020-09-05 06:18:23','2021-05-05 22:15:23'),(41,75,17,'Exercitationem dolor necessitatibus nemo debitis.','Rerum accusantium inventore minima qui. Sit quidem adipisci sint molestiae asperiores. Sit sed velit omnis fuga enim.',5,1,1,'2020-10-12 02:23:50','2021-05-03 00:54:20'),(42,54,6,'Quis est quas cupiditate maxime sunt vel.','Corporis iusto iure consequuntur vel suscipit. Provident qui ipsam dolores ab non sint pariatur mollitia. Quod ab dolorem temporibus excepturi a error saepe.',200,0,1,'2020-06-07 16:22:44','2021-05-02 12:23:47'),(43,45,13,'Vel non quas omnis distinctio sunt soluta.','Voluptas commodi ipsum quis ea rerum. Sed recusandae ullam dolore. Nihil exercitationem et ut qui. Veritatis velit quam facere reiciendis possimus vitae et quis. Ad optio sed doloremque.',124,0,0,'2020-09-22 19:15:51','2021-04-15 22:12:46'),(44,46,30,'Et consequuntur ab quos ut laborum aut.','Dignissimos et sunt adipisci quam sit eos. Cum sapiente ratione autem quidem inventore. Neque est officiis sit voluptatibus dolorem.',150,1,1,'2021-02-24 12:00:04','2021-04-11 14:10:38'),(45,30,8,'Dolor dolorum libero omnis enim in sint est.','Qui id excepturi soluta suscipit porro. Voluptatibus iste deserunt molestias eos odio ut. Tenetur excepturi sint ut non quaerat eveniet. Voluptatem error maiores voluptas corporis.',82,1,1,'2021-02-20 03:41:31','2021-04-18 15:09:13'),(46,13,19,'In sint iusto ducimus in voluptate est id.','Eos cumque nostrum consequatur iusto reprehenderit tempore. Voluptatum sequi quis aut quia amet distinctio sit exercitationem. Id nihil ullam vel id qui. Magni molestias qui cumque minima et.',130,1,0,'2021-03-24 03:36:43','2021-04-10 19:17:54'),(47,54,20,'Excepturi harum voluptas exercitationem ullam.','Quis esse quam omnis dicta nihil aut molestiae. Repellat ratione quo ducimus voluptatem qui corrupti veritatis id.',157,1,1,'2020-10-07 04:46:24','2021-04-23 05:13:36'),(48,97,24,'Nam quis laboriosam et quidem voluptatem facilis consequatur consequatur.','Voluptatem eum placeat vero quas qui iusto alias. Fugiat illo tempora voluptatem in.',55,0,0,'2020-05-18 03:32:37','2021-04-15 02:06:29'),(49,90,7,'Rerum quia esse sit nemo.','Voluptate temporibus consequatur vero ipsa minima dignissimos quod. Accusantium impedit unde sit ea corporis illum aspernatur.',120,1,1,'2020-05-13 08:26:35','2021-04-29 14:51:16'),(50,79,11,'Qui totam error illum soluta.','Magnam animi facilis et perferendis voluptatem aut. Ut hic cumque veritatis libero exercitationem. Eos soluta rerum aut deleniti tempora.',4,1,1,'2020-07-07 10:24:31','2021-04-18 02:16:33'),(51,51,23,'Tempore iusto sunt rerum consequatur porro eum.','Quidem eum adipisci quis. Consequatur est enim aut iusto quas. Doloremque vitae voluptatibus at.',37,0,0,'2020-06-23 08:08:43','2021-04-30 18:48:38'),(52,62,8,'Distinctio repellat ducimus temporibus fuga vero placeat est.','Sunt consequatur et culpa vel non id. Optio et aut omnis et. Laborum et voluptates in est vel qui.',56,1,0,'2021-02-28 10:31:09','2021-04-27 18:35:13'),(53,23,2,'Magni esse error aperiam.','Incidunt ut ratione impedit et. Consequuntur quam nihil incidunt et corrupti corrupti ipsa. Molestiae et repellat quia nesciunt cumque.',102,0,1,'2021-01-18 05:22:40','2021-04-16 19:24:31'),(54,100,14,'In est assumenda qui sequi.','Repellat consequatur commodi omnis quae ipsum omnis debitis. Dicta explicabo reprehenderit ut ut est suscipit. Illum beatae id eveniet ducimus sunt.',11,1,1,'2020-07-04 13:33:24','2021-05-06 06:07:52'),(55,19,26,'Totam non quia rem voluptatem rem et corrupti.','Eum perspiciatis sit dolores non autem quas. Quibusdam molestiae dolores sequi deserunt. Fugit nesciunt repellat non dolorem quaerat est.',59,1,0,'2021-03-18 09:36:19','2021-04-08 04:00:17'),(56,5,5,'Ullam quod omnis eum velit in occaecati.','Nisi quia aliquid porro repudiandae. Iste sit totam eaque iusto.',85,1,0,'2020-10-27 04:00:20','2021-05-03 08:45:07'),(57,12,19,'Praesentium alias voluptatem quisquam excepturi necessitatibus.','Odio eius accusantium quis. Magnam quis cumque sit perspiciatis. Dolorum molestiae nesciunt reprehenderit culpa quasi dolor est. Vitae minus rerum eum numquam aut consequuntur.',126,0,1,'2020-08-15 17:41:46','2021-04-14 21:19:00'),(58,41,19,'Quia et tempore et magni voluptatem.','Error aut voluptatem molestiae quisquam sapiente. Fuga omnis ea fuga sit beatae velit quo vitae. Commodi voluptatum molestiae earum. In est natus quod beatae velit voluptatum.',196,1,0,'2020-05-29 03:22:11','2021-05-01 19:19:03'),(59,43,1,'Est cumque voluptatum impedit molestiae incidunt dolorem.','Rerum sit nesciunt aut facere blanditiis nihil minima. Voluptates porro ut saepe corporis et.',48,1,0,'2020-11-16 21:00:00','2021-05-01 06:54:36'),(60,27,25,'Aliquid eos deserunt eos magnam eius et temporibus.','Consequuntur harum reprehenderit dolores id voluptates. Iste dolorum sed error culpa porro. Alias laudantium doloribus architecto ullam.',113,1,0,'2020-10-26 06:33:23','2021-05-06 13:44:29'),(61,47,7,'Qui et vitae quas laboriosam voluptatem.','Maiores nihil quia sunt animi pariatur consequatur. Illum sequi rerum esse vel omnis. Earum molestiae qui unde inventore quos tempore.',79,1,1,'2021-02-16 03:14:04','2021-04-14 16:40:50'),(62,57,28,'Soluta ratione molestiae perferendis qui nulla at provident.','Et dolorum dolores atque ullam corporis qui reprehenderit. Occaecati quas id est et ut id. Quis a ducimus eaque delectus. Numquam eos vitae magnam dolor iste.',157,0,1,'2020-08-06 01:40:04','2021-05-04 20:53:14'),(63,2,11,'Voluptatibus aut explicabo aut voluptatibus.','Assumenda aperiam at id ipsam. Eum cupiditate sint qui ut magni. Sunt porro nihil omnis rerum quia dicta voluptatem. Qui est rerum laboriosam voluptatum nisi accusamus rerum.',161,0,1,'2020-09-24 19:02:45','2021-04-27 03:55:49'),(64,93,17,'Perspiciatis minima cum et.','Veritatis debitis perferendis et asperiores. Reiciendis voluptatum delectus aut nihil recusandae. Harum officiis quod neque amet quis quasi pariatur. Blanditiis aliquid id consequatur.',17,0,0,'2020-12-20 17:59:10','2021-05-06 12:16:16'),(65,79,26,'Quisquam et adipisci id qui vitae.','In pariatur id illo quibusdam. Quis repudiandae quia illo cum aliquid saepe. Ipsam quo ullam quo est molestias.',10,1,1,'2020-11-03 22:05:32','2021-05-04 04:31:02'),(66,35,19,'Dolorem saepe ex facere porro porro unde beatae.','Et quae quas necessitatibus similique dolorem quisquam architecto. Deserunt nemo et et et. Qui modi adipisci delectus ipsum.',101,0,1,'2021-01-01 22:50:07','2021-04-15 06:51:44'),(67,36,22,'Ut officia similique sed minima laboriosam ratione.','Et consequatur voluptate nihil at iure. Quidem et sit dicta repellat.',198,0,0,'2021-02-07 09:44:36','2021-04-12 11:44:14'),(68,37,3,'Provident doloribus nihil quia quas sint tenetur fuga.','Quas distinctio voluptatum voluptatum sunt quidem porro a. Rerum sed praesentium quia. Atque enim sapiente illum alias expedita qui voluptatem. Eligendi repellendus ut voluptatem qui autem. Sit et nesciunt et laborum ad in.',178,1,0,'2020-10-25 22:41:28','2021-04-10 14:26:52'),(69,68,15,'Aut est repudiandae non hic facere iusto impedit ab.','Ducimus veritatis provident consequatur est fugiat dolorem nam. Sequi alias deserunt illum illo. Rem sapiente et esse. Voluptas voluptate maiores enim et rem.',13,1,0,'2020-09-07 12:31:47','2021-04-13 23:28:04'),(70,35,16,'Reiciendis aut eius nam eaque omnis.','Qui unde voluptas deleniti voluptatem. Pariatur a eum architecto optio quis aperiam voluptate. Impedit ullam asperiores maxime labore placeat adipisci est fugiat. Et quod saepe quam incidunt temporibus reprehenderit illo voluptatum. Sit consequatur illo quisquam eos.',110,1,0,'2021-02-04 03:14:31','2021-04-25 10:18:32'),(71,23,19,'Ad suscipit excepturi ut quos impedit minima sint.','Quidem non doloremque laborum pariatur sunt quod. Earum consequuntur molestiae deserunt omnis. Asperiores sed velit magni perferendis.',121,0,1,'2020-10-10 16:35:40','2021-04-22 07:51:38'),(72,84,15,'Ut aperiam sunt facere asperiores quas veniam assumenda.','Dolores eos deserunt cupiditate nisi et facilis. Deserunt aut earum aliquid.',15,0,0,'2020-06-07 01:02:40','2021-04-12 10:30:58'),(73,63,8,'Numquam at qui et natus at sit.','Consequatur eos molestiae est officia eos. Quibusdam aut officia quia. Itaque aut eum voluptas minus illo amet eum.',142,0,1,'2020-08-30 06:43:28','2021-04-13 06:11:32'),(74,67,23,'Vitae reprehenderit perspiciatis ut.','Illum sunt amet quod blanditiis ea id similique. Dolores aspernatur sapiente ut a voluptatem. Velit ea accusamus soluta quis sunt vero illum.',73,0,0,'2020-06-07 14:30:11','2021-04-25 13:18:41'),(75,78,27,'Voluptatum impedit error et optio enim repudiandae aut.','Placeat dolor sequi inventore non est fugiat neque. Deserunt et ea velit mollitia. Aut doloribus iure atque. Sunt nihil illum voluptatem non provident et sunt.',56,0,1,'2020-08-07 20:06:38','2021-04-18 03:51:55'),(76,98,23,'Nisi dolorem corporis aut.','Aut aperiam et et mollitia. Iure modi error quos quaerat. Quo aut delectus dolore quibusdam. Non libero dolorem nihil aut.',16,1,1,'2020-11-22 15:39:48','2021-04-09 12:16:57'),(77,85,18,'Praesentium cupiditate et quo nisi magni ea sed.','Earum tempore quibusdam corrupti ullam. Aliquam cupiditate aut labore sed enim. A reiciendis est hic deserunt.',97,1,1,'2020-05-14 19:48:38','2021-04-15 23:12:51'),(78,62,1,'Quia et officiis et perspiciatis sed iusto voluptatem.','Quis dicta eos sed tempora rem et ut. Quod occaecati ut et consequatur sunt dolorum nostrum. Unde autem omnis est sed. Quaerat voluptas dolore harum aliquam iste.',61,0,0,'2020-06-04 21:10:29','2021-04-23 02:59:53'),(79,80,2,'Occaecati aliquam itaque nihil cupiditate dolor aut et.','Illo explicabo officiis id accusamus. Magnam in et doloremque et. Quidem recusandae dolorum consequatur facere.',166,1,1,'2020-08-25 17:44:46','2021-04-12 16:40:07'),(80,29,23,'Ut sit quae dolor.','Iste aut quos fuga. In alias est quidem animi aut quidem et. Illo at id soluta quia ducimus et eos.',187,1,1,'2021-01-29 20:47:11','2021-04-07 20:32:31'),(81,14,28,'Enim eaque autem ipsum dignissimos unde vel.','Excepturi nulla repellat vel delectus sint qui praesentium. Eveniet tempore ratione aut qui omnis at suscipit.',138,1,1,'2020-11-18 12:07:09','2021-05-03 09:39:37'),(82,96,5,'Perferendis nostrum animi quia tenetur fuga exercitationem nisi.','Doloremque voluptas velit ratione ducimus perferendis. Atque facere deleniti consequuntur voluptate iste molestiae excepturi alias.',122,1,0,'2020-06-05 00:22:47','2021-04-18 18:10:15'),(83,31,25,'Qui impedit quibusdam sit vel sed.','Recusandae autem asperiores magnam non deserunt voluptate aut temporibus. Quaerat vel aut molestiae facere veritatis.',44,1,0,'2021-03-15 20:10:30','2021-04-08 13:28:50'),(84,42,10,'Voluptatem deserunt illum repellendus.','Sit eum id ut ut neque. Illum accusamus qui quia. Necessitatibus sint quia unde.',91,1,0,'2020-05-17 20:27:32','2021-04-22 00:33:36'),(85,75,21,'Blanditiis eos et praesentium qui aspernatur.','Quidem aut consectetur aspernatur placeat dolore. Excepturi facere accusamus est quia. Eum nulla officiis quasi in quo.',50,1,1,'2020-12-03 23:15:49','2021-04-25 06:41:27'),(86,71,17,'Iure dolor aut dolores ipsa molestiae.','Laudantium aut aut ut qui maiores vero vitae necessitatibus. Cumque reiciendis enim et at sed veniam. Possimus et sed sit in aut eos. Ut tempore porro placeat sit non alias.',78,0,1,'2020-09-25 22:55:53','2021-04-14 03:56:10'),(87,7,25,'Nobis commodi iure ut perspiciatis excepturi quod facere.','Id accusantium quo sed amet recusandae omnis. Occaecati culpa rerum vel. Saepe numquam autem placeat officiis ducimus. Voluptas in ipsa itaque repudiandae.',12,0,0,'2020-06-11 10:21:01','2021-04-26 22:56:53'),(88,30,23,'Sequi voluptates et officiis.','Aperiam cumque porro explicabo minima voluptatem. Omnis iusto et officiis similique aliquam. Autem voluptatum qui necessitatibus assumenda ea rerum voluptas.',111,1,1,'2021-01-29 17:18:46','2021-04-24 01:35:10'),(89,2,18,'Non modi repellendus molestiae.','Inventore ipsa soluta libero sint. Modi quaerat aut ea est quasi adipisci nisi. Quaerat qui explicabo qui dignissimos. Porro et repellendus fuga et veniam minus omnis.',141,0,1,'2020-08-03 17:38:27','2021-04-08 03:13:38'),(90,90,21,'Ut dolores sunt esse repellendus pariatur accusantium.','Velit provident delectus inventore. Omnis accusantium qui atque incidunt iusto sequi. Quia illum nostrum aliquam aut. Omnis consectetur molestiae praesentium nam eius qui quia.',91,0,0,'2021-02-18 20:20:27','2021-04-14 17:40:47'),(91,30,3,'Fugiat reiciendis in perferendis sit.','Minima cumque eveniet excepturi porro. In odit cum consectetur officiis natus est tempore.',74,1,0,'2020-09-23 05:42:25','2021-05-06 11:40:08'),(92,88,8,'Omnis id assumenda consequatur et.','Laboriosam ad quia ut suscipit molestiae ad cupiditate aperiam. Aut aut est voluptatem dignissimos harum minima. Ut nostrum quis a cupiditate magnam eum. Sint quas ut illum et.',144,1,1,'2020-10-10 12:42:59','2021-04-30 23:39:50'),(93,59,7,'Molestiae ut nostrum deserunt repellendus repudiandae impedit.','Non in necessitatibus id magnam. Itaque quia voluptatem recusandae rem eos voluptatem dignissimos. Aspernatur itaque voluptate eaque numquam. Cupiditate excepturi modi eaque sint quidem fuga veniam.',66,0,0,'2020-11-27 19:16:46','2021-05-07 07:23:17'),(94,70,12,'Consequatur iusto incidunt eaque autem quod est accusamus ad.','Voluptatem nam alias error architecto cupiditate nostrum fuga. Odio deleniti sapiente ut voluptatem vel. Vero similique eum quia et. Excepturi deserunt illo est et.',191,0,0,'2020-08-03 14:28:29','2021-05-01 07:29:47'),(95,71,21,'Illum beatae a similique omnis.','Quam deleniti dolorem voluptas praesentium pariatur in aperiam omnis. Quia quas delectus fuga. Cumque blanditiis quidem odit accusamus qui molestiae. Officia quibusdam iure adipisci quasi voluptates.',60,0,0,'2021-03-18 05:16:27','2021-05-03 14:46:19'),(96,76,21,'Quis incidunt unde consequatur voluptas.','Qui perspiciatis fugit deleniti. Ut et amet non ut exercitationem aut nihil fugit. Necessitatibus excepturi animi et mollitia minus. Animi laudantium quisquam harum dolorum praesentium.',173,0,0,'2021-02-24 11:34:10','2021-05-05 10:51:27'),(97,24,1,'Dolor excepturi reprehenderit odit repellat est ad ab sunt.','Omnis laudantium delectus aut magnam minus sint. Eos ducimus perferendis adipisci nesciunt eius asperiores et.',21,1,0,'2021-03-19 22:58:55','2021-05-02 07:04:11'),(98,91,2,'Quia sunt exercitationem quidem qui fuga vitae a.','Et dolorem provident omnis dolorum ea. Quidem earum sint vitae corrupti ullam. Non hic sunt amet corrupti molestias itaque. Eum corrupti non ratione corporis.',11,1,0,'2021-01-13 09:13:39','2021-04-08 15:31:03'),(99,55,27,'Et consectetur recusandae error nulla corrupti in neque.','Cupiditate omnis dolor nisi et delectus sapiente tempore. Praesentium sint voluptatem dolores. Pariatur accusamus et consequatur dicta vel.',120,0,1,'2021-04-01 10:59:59','2021-04-13 15:12:18'),(100,89,24,'Dolor ut necessitatibus voluptas ipsam.','Quia qui ipsa nisi et eos. Et porro ut suscipit dolores voluptatem autem alias sed. Laborum molestiae quis consequuntur sequi nulla. Vel corrupti rerum sunt occaecati voluptatibus nihil cumque expedita.',91,0,1,'2020-07-06 05:25:50','2021-04-11 17:19:25');
/*!40000 ALTER TABLE `posts` ENABLE KEYS */;
UNLOCK TABLES;

--
-- Table structure for table `profiles`
--

DROP TABLE IF EXISTS `profiles`;
/*!40101 SET @saved_cs_client     = @@character_set_client */;
/*!50503 SET character_set_client = utf8mb4 */;
CREATE TABLE `profiles` (
  `user_id` int unsigned NOT NULL COMMENT 'Ссылка на пользователя',
  `gender` char(1) CHARACTER SET utf8mb4 COLLATE utf8mb4_unicode_ci NOT NULL COMMENT 'Пол',
  `birthday` date DEFAULT NULL COMMENT 'Дата рождения',
  `city` varchar(130) CHARACTER SET utf8mb4 COLLATE utf8mb4_unicode_ci DEFAULT NULL COMMENT 'Город проживания',
  `country` varchar(130) CHARACTER SET utf8mb4 COLLATE utf8mb4_unicode_ci DEFAULT NULL COMMENT 'Страна проживания',
  `created_at` datetime DEFAULT CURRENT_TIMESTAMP COMMENT 'Время создания строки',
  `updated_at` datetime DEFAULT CURRENT_TIMESTAMP ON UPDATE CURRENT_TIMESTAMP COMMENT 'Время обновления строки',
  PRIMARY KEY (`user_id`),
  KEY `idx_profiles_birthday` (`birthday`),
  CONSTRAINT `profiles_user_id_fk` FOREIGN KEY (`user_id`) REFERENCES `users` (`id`) ON DELETE CASCADE
) ENGINE=InnoDB DEFAULT CHARSET=utf8mb4 COLLATE=utf8mb4_unicode_ci COMMENT='Профили';
/*!40101 SET character_set_client = @saved_cs_client */;

--
-- Dumping data for table `profiles`
--

LOCK TABLES `profiles` WRITE;
/*!40000 ALTER TABLE `profiles` DISABLE KEYS */;
INSERT INTO `profiles` VALUES (1,'f','1979-08-26','North Tylerfurt','Sudan','2019-01-12 04:28:43','2021-04-02 07:08:22'),(2,'m','2002-03-20','West Schuylerborough','Latvia','2018-03-04 13:38:33','2021-04-20 21:06:54'),(3,'f','1987-12-08','Bartellport','Sudan','2019-06-01 22:09:05','2021-03-30 05:35:32'),(4,'f','1997-11-01','West Brooke','Macao','2017-07-22 15:49:18','2021-04-11 05:52:27'),(5,'f','2004-07-31','South Denistown','Hungary','2021-04-03 03:48:42','2021-04-30 18:23:28'),(6,'m','1987-07-06','West Karlee','Kazakhstan','2016-09-03 22:51:18','2021-04-01 17:44:32'),(7,'m','1997-04-04','Veumberg','Syrian Arab Republic','2020-06-23 11:11:48','2021-04-06 02:10:03'),(8,'m','2016-09-01','West Victoria','Liberia','2019-08-15 06:29:24','2021-04-16 06:21:11'),(9,'m','1976-11-26','North Hughmouth','Jordan','2015-02-23 20:13:31','2021-04-13 00:38:12'),(10,'m','1995-06-26','North Filiberto','Zambia','2016-11-15 16:24:41','2021-04-08 07:10:55'),(11,'f','2017-10-31','Lake Joan','Kenya','2016-06-12 23:22:24','2021-04-20 22:46:27'),(12,'f','2015-07-29','West Mittiemouth','Lebanon','2016-05-22 11:23:25','2021-03-29 22:02:23'),(13,'m','1984-09-15','West Willyside','Saint Pierre and Miquelon','2014-04-29 03:11:29','2021-03-26 05:59:11'),(14,'m','2007-07-21','New Enos','Equatorial Guinea','2018-01-04 03:01:56','2021-04-07 23:16:32'),(15,'f','1999-06-17','Dachmouth','Bulgaria','2012-05-02 03:02:38','2021-04-21 02:51:18'),(16,'f','1994-10-26','Kuphalport','Honduras','2012-05-10 19:28:30','2021-03-27 23:58:07'),(17,'f','2003-10-10','Walkershire','Botswana','2020-02-21 09:58:05','2021-04-18 15:05:03'),(18,'m','1972-07-22','Jeffrystad','Kyrgyz Republic','2012-12-30 18:05:02','2021-04-02 18:05:15'),(19,'f','2003-06-23','Larsonfort','Bermuda','2013-02-06 22:43:53','2021-04-22 02:29:05'),(20,'m','1997-08-10','Schmidtmouth','Ukraine','2017-03-20 19:54:06','2021-04-05 03:46:48'),(21,'m','2015-11-18','Lake Melisa','Ghana','2016-10-03 22:03:12','2021-03-27 14:49:39'),(22,'m','1995-08-25','Spencermouth','Cyprus','2020-03-01 04:12:17','2021-04-16 20:03:38'),(23,'m','1995-09-25','Madalynport','Turks and Caicos Islands','2018-05-15 07:00:25','2021-03-25 10:06:46'),(24,'m','1981-10-30','Hermistonfurt','Turkmenistan','2020-01-09 21:21:13','2021-04-11 14:17:59'),(25,'f','2009-02-27','Kertzmannhaven','American Samoa','2016-05-17 21:45:57','2021-04-14 04:38:24'),(26,'m','1986-07-10','Macejkovicberg','Greece','2020-09-02 22:44:45','2021-04-02 09:37:15'),(27,'m','1990-12-18','Freidaport','Bosnia and Herzegovina','2014-04-22 22:49:24','2021-03-29 09:32:10'),(28,'m','1980-07-18','New Tracymouth','Belize','2018-08-15 19:35:37','2021-04-22 16:59:37'),(29,'m','2019-02-05','North Maeside','Armenia','2016-10-29 17:37:28','2021-03-29 02:22:30'),(30,'m','2004-04-22','Colleenborough','Romania','2013-12-27 19:18:57','2021-04-03 23:37:28'),(31,'m','1991-11-30','Lake Shakiraburgh','Italy','2012-09-12 14:51:52','2021-04-03 15:26:50'),(32,'m','1992-05-28','New Tobin','Lebanon','2016-06-26 20:58:46','2021-04-18 05:50:50'),(33,'m','1999-01-24','Lourdesview','Korea','2015-07-16 16:18:28','2021-04-09 18:28:59'),(34,'f','1988-11-13','West Hazel','Cuba','2016-07-11 15:32:07','2021-03-23 18:29:57'),(35,'f','1972-04-29','South Ron','Bouvet Island (Bouvetoya)','2013-08-07 08:32:07','2021-04-14 16:34:08'),(36,'f','2014-10-03','Hirthebury','Senegal','2017-07-13 15:39:03','2021-04-14 01:52:03'),(37,'m','2002-07-31','South Aliaborough','Dominican Republic','2015-03-03 05:21:33','2021-04-10 21:16:01'),(38,'m','2017-10-08','Parisianside','Thailand','2018-11-28 03:28:47','2021-04-05 18:13:30'),(39,'m','2006-02-05','East Anais','Ukraine','2014-12-25 08:18:03','2021-04-11 06:04:54'),(40,'f','2008-12-13','Raphaelview','Bhutan','2018-10-04 18:51:15','2021-04-21 20:46:58'),(41,'f','2002-04-05','Pacochaborough','Madagascar','2017-09-16 02:29:37','2021-03-29 18:27:13'),(42,'m','2007-08-30','Douglasshire','Sierra Leone','2013-03-10 22:59:38','2021-03-25 13:41:49'),(43,'f','1981-08-17','East Margot','Ecuador','2014-06-08 05:20:41','2021-04-05 10:00:20'),(44,'f','2013-01-10','Reingerstad','Mauritania','2017-11-03 06:52:07','2021-04-08 21:44:21'),(45,'f','2010-06-11','Virgilport','Anguilla','2020-07-21 20:30:06','2021-04-19 15:44:36'),(46,'m','1972-04-30','Port Joannie','Canada','2011-10-14 01:10:19','2021-03-29 01:01:04'),(47,'m','1972-08-08','Genevievetown','Gabon','2017-03-04 23:47:25','2021-04-11 06:01:11'),(48,'f','2002-02-14','Theresiaview','Paraguay','2017-07-03 22:38:50','2021-04-11 11:08:00'),(49,'f','1993-12-08','North Garrison','Myanmar','2020-01-24 08:32:36','2021-03-28 07:16:10'),(50,'f','1991-12-13','Yasmeenberg','San Marino','2011-10-11 05:26:20','2021-03-23 16:49:57'),(51,'m','1970-01-26','Edentown','Barbados','2019-08-18 08:30:26','2021-03-28 03:42:35'),(52,'m','1972-01-16','Katlynnstad','Montserrat','2013-04-04 19:21:06','2021-04-22 03:05:31'),(53,'m','1988-03-27','Muellerhaven','Burkina Faso','2013-08-13 13:19:47','2021-04-22 14:47:24'),(54,'m','2006-05-06','Smithamside','Cote d\'Ivoire','2017-04-23 09:15:16','2021-03-26 03:51:43'),(55,'f','2011-06-05','Rohanburgh','India','2013-02-27 21:42:34','2021-03-26 10:47:28'),(56,'f','1996-12-12','Kihnborough','French Guiana','2014-04-06 09:17:51','2021-04-15 08:06:03'),(57,'m','1989-12-24','Keatonberg','Comoros','2018-04-13 21:47:18','2021-03-28 23:13:50'),(58,'m','1998-03-22','West Ferneburgh','Brunei Darussalam','2011-08-25 16:26:17','2021-04-17 22:05:57'),(59,'f','1987-12-15','North Larissa','Reunion','2016-10-04 02:49:14','2021-04-01 03:56:06'),(60,'m','2002-01-03','West Margaretteview','United Kingdom','2013-11-12 15:07:45','2021-04-22 04:49:19'),(61,'f','1971-09-27','Dickiborough','Cape Verde','2015-11-22 14:33:27','2021-03-30 11:43:31'),(62,'m','1984-06-12','East Brendanport','Serbia','2012-03-23 14:12:08','2021-04-04 03:35:51'),(63,'f','1979-08-24','Emiehaven','Lithuania','2013-06-27 22:04:41','2021-04-08 03:45:31'),(64,'f','2001-08-28','Cruickshankmouth','Ukraine','2019-06-02 20:16:26','2021-04-01 21:17:37'),(65,'f','1997-04-09','Daughertytown','Andorra','2018-10-09 07:46:10','2021-04-19 15:22:33'),(66,'m','1994-09-27','Arnoburgh','Bosnia and Herzegovina','2012-04-14 11:51:12','2021-04-04 08:14:58'),(67,'f','2020-01-02','Glennastad','South Africa','2017-03-09 14:25:06','2021-04-18 18:01:24'),(68,'f','1971-07-15','North Rodger','Moldova','2012-07-11 17:19:05','2021-04-20 03:44:46'),(69,'m','2000-04-18','Princesshaven','Mexico','2019-06-05 03:43:00','2021-04-05 15:39:36'),(70,'m','2005-10-25','West Cathrine','Senegal','2015-01-16 23:36:23','2021-04-03 17:18:41'),(71,'f','1978-12-08','Rebecaport','Gibraltar','2012-05-24 20:48:47','2021-04-13 11:10:33'),(72,'m','2008-07-27','Kennyland','Malaysia','2016-11-19 17:06:23','2021-03-28 16:44:34'),(73,'f','2001-12-03','Ferrymouth','Guam','2017-12-24 08:27:20','2021-04-07 07:31:50'),(74,'f','1982-09-08','New Aurelia','Kuwait','2019-11-11 02:49:19','2021-03-30 15:59:09'),(75,'m','1984-05-09','Kennabury','Senegal','2018-10-22 01:34:24','2021-04-03 09:28:43'),(76,'m','2000-05-28','Mertzfort','France','2020-10-31 11:07:26','2021-04-09 18:20:55'),(77,'m','1973-08-21','Lake Anastasiaberg','Malta','2015-08-14 09:18:34','2021-04-04 18:09:41'),(78,'f','1994-04-03','Sengerland','Italy','2018-11-01 01:39:46','2021-03-24 02:47:09'),(79,'m','2004-07-28','Handchester','Reunion','2016-08-05 14:58:58','2021-04-07 06:38:20'),(80,'f','2016-03-31','New Dulcemouth','Dominica','2013-03-06 21:21:32','2021-04-05 04:06:10'),(81,'f','1981-11-15','Port Lonnymouth','South Africa','2012-12-03 18:05:17','2021-03-30 23:56:13'),(82,'f','1971-04-07','Nakiafurt','Puerto Rico','2014-12-28 23:03:02','2021-04-06 10:05:22'),(83,'m','1993-07-15','North Immanueltown','Poland','2013-10-29 06:02:41','2021-04-15 09:47:35'),(84,'m','1993-01-11','West Victormouth','Greenland','2012-12-09 17:56:21','2021-04-19 04:47:11'),(85,'m','2018-03-31','Schulistmouth','Samoa','2019-05-16 01:54:26','2021-04-16 17:36:34'),(86,'f','2016-11-06','Christhaven','Falkland Islands (Malvinas)','2018-01-31 00:00:30','2021-04-06 07:23:59'),(87,'m','2003-10-19','Port Wilbert','Puerto Rico','2013-12-25 15:41:40','2021-04-01 14:48:45'),(88,'m','1999-03-28','East Kipbury','Bouvet Island (Bouvetoya)','2019-07-01 20:23:01','2021-04-17 04:55:24'),(89,'m','1970-08-23','South Taryn','Mongolia','2016-03-11 22:27:24','2021-04-19 10:36:31'),(90,'f','1996-08-29','West Felipa','Saudi Arabia','2013-02-22 06:41:32','2021-04-12 06:43:07'),(91,'f','2004-09-18','Carterborough','Israel','2019-04-19 23:44:19','2021-03-29 12:49:09'),(92,'f','1970-02-05','O\'Connerchester','Switzerland','2014-05-28 15:46:06','2021-04-18 10:50:58'),(93,'f','2019-02-19','Fayshire','Togo','2017-05-18 14:40:05','2021-04-22 16:27:36'),(94,'m','1984-12-31','Ritchieside','Isle of Man','2011-11-24 14:27:02','2021-04-22 16:04:08'),(95,'f','1997-05-22','East Yesenia','Guinea-Bissau','2013-07-09 20:34:27','2021-04-08 10:14:13'),(96,'m','1983-02-05','Lake Aaliyahfurt','Brunei Darussalam','2016-03-26 01:01:26','2021-03-28 08:38:21'),(97,'m','2015-08-27','Port Weldonchester','Australia','2017-06-01 07:29:59','2021-04-22 08:00:46'),(98,'f','2001-04-16','Mavisfort','Georgia','2015-12-23 11:02:19','2021-04-02 01:40:18'),(99,'f','1973-10-09','Nolastad','United States Virgin Islands','2020-12-18 00:58:15','2021-04-17 16:59:26'),(100,'m','2015-07-06','Okunevamouth','Belgium','2019-02-26 10:28:26','2021-04-08 18:44:51'),(101,'m','2003-05-28','East Yessenia','Guinea','2020-04-28 09:30:30','2021-04-20 12:19:31'),(102,'m','1981-05-28','Lake Gerdaburgh','Israel','2014-05-28 19:13:48','2021-04-09 13:27:55'),(103,'f','2011-09-25','Lake Blanca','Comoros','2014-01-06 14:54:23','2021-04-03 19:12:21'),(104,'f','1985-12-04','Lake Jakaylaville','Ethiopia','2019-04-25 07:36:14','2021-04-03 12:33:57'),(105,'f','1981-08-28','North Annamae','Korea','2021-01-07 07:30:17','2021-03-26 21:51:38'),(106,'f','1994-01-25','Lake Lambertmouth','Gambia','2021-01-03 06:21:41','2021-04-19 16:36:13'),(107,'m','2001-08-14','Rueckermouth','Comoros','2015-04-02 04:54:51','2021-04-18 13:27:49'),(108,'f','2015-08-06','Luciusland','Cape Verde','2016-03-14 02:03:48','2021-04-12 22:44:09'),(109,'f','1997-06-01','East Daisyfurt','Egypt','2013-02-19 13:27:12','2021-04-02 16:35:04'),(110,'f','2008-10-12','West Effiehaven','Austria','2017-08-14 04:51:18','2021-04-20 12:59:16'),(111,'f','2014-06-02','Walterside','Marshall Islands','2013-05-29 10:31:10','2021-03-23 22:45:57'),(112,'f','2019-11-16','Rafaelastad','Vanuatu','2020-07-01 05:44:36','2021-03-27 02:13:27'),(113,'f','2019-04-17','North Justusport','Senegal','2017-04-22 16:40:12','2021-04-03 09:58:11'),(114,'m','1971-10-24','South Dayana','Chad','2019-07-29 17:59:18','2021-03-23 16:08:11'),(115,'f','2015-05-28','Donnellyberg','Senegal','2012-08-02 10:47:01','2021-04-04 16:24:22'),(116,'m','1998-01-26','Donnellyborough','Macedonia','2016-10-17 23:41:26','2021-04-04 06:34:52'),(117,'f','1994-12-01','Jaimeview','Macedonia','2014-02-04 12:00:13','2021-04-11 00:49:54'),(118,'f','2002-07-05','Port Thurmanville','Iran','2021-02-04 20:37:38','2021-04-02 05:31:05'),(119,'f','2002-12-31','New Aliyahview','Chile','2018-04-05 03:15:28','2021-04-13 09:29:52'),(120,'f','1999-02-10','Zboncakfurt','Uruguay','2020-06-03 23:36:26','2021-04-23 04:21:05'),(121,'m','1983-06-20','New Isobel','Mayotte','2011-09-12 05:17:48','2021-04-04 22:52:45'),(122,'m','1976-09-26','Maryberg','Anguilla','2018-11-14 23:42:56','2021-04-17 06:37:44'),(123,'f','2002-08-15','Albinville','Montserrat','2014-10-07 16:44:40','2021-04-08 08:47:28'),(124,'m','1990-10-07','New Danikastad','Serbia','2015-02-08 20:49:43','2021-03-27 02:29:46'),(125,'m','1976-05-29','Port Franciscoton','Japan','2012-09-23 02:51:10','2021-04-05 06:56:36'),(126,'f','2008-01-20','Kelleyton','French Polynesia','2013-10-14 22:52:28','2021-03-25 02:59:38'),(127,'m','1981-04-27','Beckertown','Central African Republic','2018-09-13 11:40:39','2021-03-26 19:38:18'),(128,'f','1991-12-20','Smithberg','Guinea','2013-09-22 03:11:46','2021-04-07 03:24:02'),(129,'f','1971-03-31','East Andresstad','Tuvalu','2020-01-16 17:54:54','2021-03-23 11:50:41'),(130,'f','2011-09-28','Gregshire','Mayotte','2017-11-28 22:48:08','2021-04-06 01:10:55'),(131,'f','2010-09-01','Bernierbury','Turkey','2014-09-10 10:47:55','2021-04-19 07:19:45'),(132,'f','1994-10-24','South Ettie','Macao','2014-11-15 20:41:26','2021-04-02 03:11:03'),(133,'m','2003-07-05','Abernathytown','South Africa','2013-06-04 03:58:08','2021-03-23 15:12:24'),(134,'f','2009-10-14','Schimmelfort','Mali','2014-06-11 06:49:29','2021-04-04 22:28:52'),(135,'f','2006-05-17','Lake Ricardo','China','2016-08-23 10:44:00','2021-03-29 01:16:44'),(136,'f','1991-01-02','Maxiefurt','United Arab Emirates','2019-02-20 18:21:24','2021-03-27 13:49:36'),(137,'f','1984-11-12','Kilbackfurt','American Samoa','2019-06-28 20:14:43','2021-04-12 22:32:22'),(138,'m','2017-07-08','Miaville','Palau','2019-10-07 02:38:51','2021-04-01 08:05:30'),(139,'m','1975-11-19','Hortensestad','Greenland','2013-12-29 17:48:42','2021-04-01 19:51:16'),(140,'f','2013-01-15','Terrillmouth','Reunion','2012-09-15 23:11:37','2021-04-06 16:24:19'),(141,'f','1977-08-14','Wisozkstad','Afghanistan','2014-07-30 15:05:27','2021-03-23 21:43:22'),(142,'m','2011-03-28','Hansenchester','Sao Tome and Principe','2019-04-22 22:42:45','2021-04-12 19:53:14'),(143,'m','2016-09-12','Port Ella','Cote d\'Ivoire','2018-11-13 01:03:25','2021-04-17 03:31:33'),(144,'m','2007-04-24','South Deion','Trinidad and Tobago','2013-01-08 03:32:42','2021-04-18 05:00:13'),(145,'m','2014-08-25','Howeshire','Bhutan','2016-08-22 12:51:26','2021-04-04 21:12:16'),(146,'f','2011-12-19','Fisherside','Haiti','2011-07-11 18:37:29','2021-03-27 16:54:30'),(147,'f','2008-08-31','Weissnatfurt','Dominican Republic','2017-03-19 14:53:18','2021-03-23 10:12:08'),(148,'m','2002-08-02','Rossburgh','Tajikistan','2020-01-01 13:20:28','2021-03-29 20:31:30'),(149,'f','2002-04-15','South Sigmundton','Israel','2012-10-24 11:10:27','2021-04-06 11:34:27'),(150,'f','1995-05-08','Port Tessiemouth','Cook Islands','2014-11-08 07:05:05','2021-04-04 12:22:50'),(151,'f','2013-10-17','Isabellafurt','French Polynesia','2011-11-01 17:37:15','2021-04-08 07:58:39'),(152,'f','1982-10-20','West Vernicefurt','Turkey','2012-09-09 12:50:28','2021-04-23 07:41:04'),(153,'m','2011-11-11','Boganberg','Uzbekistan','2019-12-28 11:13:24','2021-04-04 04:59:44'),(154,'f','2000-01-30','South Kadeton','Martinique','2011-11-03 12:36:04','2021-03-26 19:31:37'),(155,'f','1997-01-04','Port Gaetano','Djibouti','2016-07-27 16:39:30','2021-03-31 01:38:44'),(156,'f','2005-05-28','North Clementine','Japan','2012-05-22 13:48:08','2021-03-24 18:50:15'),(157,'f','1976-02-24','East Modesta','Saint Barthelemy','2021-03-30 09:57:18','2021-04-17 21:40:33'),(158,'m','2006-01-24','Justineville','Czech Republic','2020-04-26 22:21:09','2021-04-14 03:05:39'),(159,'f','1988-02-06','Donatoshire','British Indian Ocean Territory (Chagos Archipelago)','2017-08-27 17:08:15','2021-04-21 10:30:15'),(160,'f','2010-06-23','New Miracle','Zimbabwe','2012-08-15 11:12:53','2021-04-20 12:58:32'),(161,'f','2004-08-01','Port Randi','Sao Tome and Principe','2013-08-20 02:30:30','2021-04-23 02:17:39'),(162,'m','2018-03-29','Kayleyberg','Cape Verde','2019-01-28 05:09:56','2021-03-29 03:14:18'),(163,'m','1980-02-15','West Catherineville','Belarus','2020-05-11 06:45:30','2021-04-15 00:19:55'),(164,'f','2008-04-16','North Robertmouth','Bahrain','2017-05-05 08:19:33','2021-03-29 15:42:21'),(165,'f','1986-04-21','Lake Sienna','Djibouti','2015-11-27 22:24:25','2021-04-18 01:34:46'),(166,'f','2018-05-15','Langworthside','Colombia','2016-09-28 12:31:50','2021-04-17 20:30:04'),(167,'m','2002-03-15','Lake Jocelyn','Brunei Darussalam','2016-08-23 05:19:50','2021-04-19 10:40:12'),(168,'f','2017-04-04','Juanastad','Lithuania','2018-11-05 20:45:46','2021-04-03 08:57:30'),(169,'f','1987-06-24','Hamillton','Tuvalu','2015-05-12 16:19:20','2021-04-08 17:30:40'),(170,'f','2005-03-08','Port Imastad','Antigua and Barbuda','2012-03-28 17:01:42','2021-04-02 21:33:57'),(171,'f','2003-08-16','East Talonton','Senegal','2014-05-23 11:09:02','2021-04-06 02:02:02'),(172,'f','1987-10-27','Yostside','Holy See (Vatican City State)','2012-02-02 15:01:31','2021-03-25 04:18:06'),(173,'m','2012-08-28','South Christberg','Cook Islands','2015-05-17 08:22:01','2021-04-03 10:20:44'),(174,'f','1971-03-27','Reingerfurt','Sri Lanka','2013-07-05 08:13:33','2021-04-13 00:36:17'),(175,'m','2003-05-28','Maxinetown','Turkey','2011-10-24 20:10:06','2021-04-03 18:39:29'),(176,'m','2005-07-08','North Evan','Guadeloupe','2015-02-20 15:35:16','2021-03-31 23:30:58'),(177,'m','1984-04-11','South Arden','Belarus','2020-06-18 10:18:41','2021-04-17 14:38:51'),(178,'m','1971-07-27','Priceton','Syrian Arab Republic','2020-07-03 08:42:37','2021-03-31 11:22:42'),(179,'f','2005-05-03','Lake Marceloside','Nauru','2017-08-02 00:14:37','2021-03-28 06:09:53'),(180,'m','2001-03-05','Port Petramouth','United Kingdom','2020-01-09 11:42:50','2021-04-15 21:18:24'),(181,'f','1988-10-15','Parisiantown','Oman','2020-05-26 22:35:16','2021-04-21 15:55:38'),(182,'m','2017-07-27','East Selenaview','Norfolk Island','2015-06-02 05:18:29','2021-04-11 01:32:30'),(183,'f','1986-06-09','Lake Brandyn','Cape Verde','2019-01-10 10:47:31','2021-04-06 01:50:41'),(184,'f','1984-10-19','Margarettashire','Slovenia','2016-04-04 19:17:16','2021-04-11 09:04:58'),(185,'m','1995-01-11','Lake Emmie','Saint Vincent and the Grenadines','2011-07-15 03:09:44','2021-04-10 15:32:02'),(186,'m','2020-10-13','Kaydenhaven','Christmas Island','2012-11-16 09:50:06','2021-04-19 16:21:32'),(187,'f','2005-08-23','Clovisshire','Cook Islands','2013-02-16 03:45:02','2021-04-23 06:16:32'),(188,'m','2019-10-04','Bayerborough','Martinique','2013-11-03 04:29:32','2021-04-15 09:00:39'),(189,'f','1991-06-26','Port Reggie','Turkmenistan','2015-12-23 19:13:48','2021-04-18 18:33:29'),(190,'f','1978-10-08','East Joelle','Singapore','2019-12-02 10:04:44','2021-03-28 21:41:07'),(191,'m','2016-07-17','Lake Mckayla','Spain','2014-08-15 09:54:39','2021-04-20 14:26:59'),(192,'m','2001-04-25','West Ilianastad','Cuba','2020-05-22 21:35:18','2021-04-08 22:46:49'),(193,'m','1978-12-06','Ileneberg','Tanzania','2021-01-19 17:23:24','2021-04-22 19:58:41'),(194,'m','2019-04-08','Priceburgh','Poland','2020-05-26 00:28:19','2021-03-26 07:11:23'),(195,'f','1989-02-24','South Friedashire','Tunisia','2018-07-14 01:11:10','2021-03-30 08:33:14'),(196,'m','2003-08-27','Ruthieport','Liechtenstein','2020-04-21 13:04:05','2021-04-20 15:42:23'),(197,'f','2002-06-21','South Henri','Niger','2011-05-10 23:01:32','2021-03-28 08:59:37'),(198,'f','2003-08-23','South Rhodastad','Puerto Rico','2015-10-25 16:19:28','2021-03-29 15:46:03'),(199,'f','2019-12-02','North Brionnaville','Lebanon','2017-03-13 20:45:17','2021-03-25 22:49:28'),(200,'f','2006-06-24','Beiermouth','Mongolia','2017-12-05 11:09:13','2021-04-10 18:02:31');
/*!40000 ALTER TABLE `profiles` ENABLE KEYS */;
UNLOCK TABLES;

--
-- Table structure for table `users`
--

DROP TABLE IF EXISTS `users`;
/*!40101 SET @saved_cs_client     = @@character_set_client */;
/*!50503 SET character_set_client = utf8mb4 */;
CREATE TABLE `users` (
  `id` int unsigned NOT NULL AUTO_INCREMENT COMMENT 'Идентификатор строки',
  `first_name` varchar(100) CHARACTER SET utf8mb4 COLLATE utf8mb4_unicode_ci NOT NULL COMMENT 'Имя пользователя',
  `last_name` varchar(100) CHARACTER SET utf8mb4 COLLATE utf8mb4_unicode_ci NOT NULL COMMENT 'Фамилия пользователя',
  `email` varchar(100) CHARACTER SET utf8mb4 COLLATE utf8mb4_unicode_ci NOT NULL COMMENT 'Почта',
  `phone` varchar(100) CHARACTER SET utf8mb4 COLLATE utf8mb4_unicode_ci NOT NULL COMMENT 'Телефон',
  `created_at` datetime DEFAULT CURRENT_TIMESTAMP COMMENT 'Время создания строки',
  `updated_at` datetime DEFAULT CURRENT_TIMESTAMP ON UPDATE CURRENT_TIMESTAMP COMMENT 'Время обновления строки',
  PRIMARY KEY (`id`),
  UNIQUE KEY `email` (`email`),
  UNIQUE KEY `phone` (`phone`),
  KEY `idx_users_first_name_last_name` (`first_name`,`last_name`),
  KEY `idx_users_last_name` (`last_name`)
) ENGINE=InnoDB AUTO_INCREMENT=201 DEFAULT CHARSET=utf8mb4 COLLATE=utf8mb4_unicode_ci COMMENT='Пользователи';
/*!40101 SET character_set_client = @saved_cs_client */;

--
-- Dumping data for table `users`
--

LOCK TABLES `users` WRITE;
/*!40000 ALTER TABLE `users` DISABLE KEYS */;
INSERT INTO `users` VALUES (1,'Osborne','Legros','karley21@example.com','791.566.6512x2583','2011-09-10 19:37:47','2020-09-14 12:39:37'),(2,'Ana','Pouros','nernser@example.net','(180)019-0240','2012-01-21 16:08:00','2020-07-08 21:25:06'),(3,'Yvonne','Walker','vanessa.murazik@example.net','783-509-3326x71160','2020-11-28 02:47:43','2020-12-30 12:14:17'),(4,'Era','Blick','kay.steuber@example.net','043.893.8544x6670','2012-04-22 15:46:18','2020-11-10 12:35:45'),(5,'Josue','Klocko','loyce99@example.com','034.957.4706','2015-04-17 00:57:28','2020-12-10 03:59:53'),(6,'Dock','Rosenbaum','mario24@example.com','(810)013-8187x63035','2013-01-20 05:29:29','2020-10-20 18:38:50'),(7,'Marques','Conn','tremblay.edward@example.net','1-358-015-9043x2372','2014-10-10 13:17:44','2020-09-25 23:24:13'),(8,'Oren','Quigley','marina.farrell@example.net','(073)169-4403','2011-07-29 12:14:34','2020-11-05 23:09:42'),(9,'Kadin','Herman','leann84@example.org','(777)250-1121x774','2020-10-16 06:18:37','2020-10-29 10:18:05'),(10,'Dereck','Bartell','lenore72@example.org','1-215-705-6391','2017-10-23 21:46:12','2021-04-04 11:24:59'),(11,'Sandra','O\'Reilly','towne.hattie@example.org','(342)283-6171','2020-06-24 12:58:29','2021-01-30 12:11:38'),(12,'Giovani','Russel','monique71@example.net','05810844330','2019-07-31 21:47:08','2021-04-06 20:11:49'),(13,'Jessy','Feest','heloise.rath@example.com','988.994.2849','2013-11-07 20:46:39','2020-12-23 20:39:55'),(14,'Mack','Skiles','abraham.gutkowski@example.net','251.597.2483x140','2016-03-04 18:00:46','2020-06-14 06:53:15'),(15,'Alfreda','Fritsch','elwin86@example.com','171-136-5258','2020-01-19 13:09:31','2020-08-26 01:07:04'),(16,'Sandrine','Lesch','ihaag@example.net','712.394.4029','2020-08-18 22:50:25','2021-01-04 09:19:34'),(17,'Rafael','Dicki','hwalter@example.net','(466)165-5682x10226','2019-12-01 00:49:27','2021-01-15 17:29:45'),(18,'Marquis','Witting','durgan.melody@example.net','1-083-286-3716x726','2013-04-03 06:46:52','2020-05-30 02:06:52'),(19,'Okey','Leannon','astokes@example.com','645.982.2545','2011-10-07 20:32:23','2021-02-26 10:26:30'),(20,'Rhett','Leffler','stamm.jean@example.com','551.762.3835x0693','2015-02-16 10:50:09','2020-04-24 14:33:26'),(21,'Nora','Boyer','weissnat.cory@example.org','1-692-343-4767x090','2019-04-17 10:07:42','2020-08-26 02:40:29'),(22,'Amir','Haley','rico32@example.com','+76(1)5702176387','2015-03-22 23:02:31','2020-09-04 13:42:17'),(23,'Isobel','Kris','hauck.elroy@example.org','296.843.3424','2019-03-16 10:37:21','2020-10-04 15:25:56'),(24,'Melisa','Robel','nigel.russel@example.net','1-742-388-7222','2018-09-13 03:41:40','2020-12-07 22:24:40'),(25,'Mallie','Bergnaum','vwilkinson@example.com','1-907-614-8434','2019-06-25 09:22:25','2020-05-10 15:14:07'),(26,'Eveline','Goyette','kreiger.zander@example.org','(060)109-2730x67952','2012-04-09 17:17:41','2020-07-23 04:21:09'),(27,'Lavon','Strosin','heaven.lowe@example.org','706-540-9325x843','2013-12-06 12:41:33','2020-05-07 08:51:22'),(28,'Antwan','Larson','dooley.magdalena@example.org','+21(8)0948520170','2015-05-24 03:11:23','2020-12-30 12:45:10'),(29,'Brianne','Padberg','wosinski@example.org','884-553-4527','2015-01-25 18:44:58','2020-06-03 07:42:17'),(30,'Deion','Bayer','antonietta.veum@example.com','1-908-090-0026','2020-10-14 02:02:50','2021-04-30 18:23:28'),(31,'Beth','Jones','steuber.madilyn@example.org','274-619-6174x8611','2017-06-26 01:24:38','2020-07-29 23:54:25'),(32,'Matteo','Wuckert','lance.kuhlman@example.net','1-072-000-4180','2016-04-22 22:03:15','2021-03-24 02:10:50'),(33,'Hazel','Gulgowski','sadie.champlin@example.com','(068)658-0947','2020-06-26 01:10:50','2020-11-25 07:30:15'),(34,'Alta','Torphy','natasha07@example.net','900-540-5479x6472','2011-06-01 01:40:41','2021-01-19 17:43:14'),(35,'Hilma','Bins','gulgowski.earl@example.org','1-934-076-7062','2017-02-10 09:50:40','2020-05-05 15:21:18'),(36,'Rogers','Gleichner','vmcdermott@example.com','861-162-5369','2013-09-05 14:02:29','2021-02-15 15:52:32'),(37,'Zaria','Dickinson','stehr.vinnie@example.com','(528)555-6481','2012-07-17 16:33:41','2021-04-19 14:22:44'),(38,'Rose','Schimmel','elvie.krajcik@example.net','168.596.0891','2012-09-19 16:14:24','2021-04-08 20:34:11'),(39,'Jarret','Schuppe','odie72@example.org','611.298.2463x305','2012-05-03 20:08:52','2020-06-23 06:35:52'),(40,'Anne','Keebler','qondricka@example.com','912-046-0063','2016-04-07 14:43:15','2020-07-12 11:52:12'),(41,'Virginie','Walker','xvolkman@example.com','06910384151','2013-05-12 07:20:26','2020-10-26 06:42:50'),(42,'Lucie','Hansen','owelch@example.org','1-053-507-7111x28955','2014-10-02 07:25:12','2020-09-07 01:05:00'),(43,'Paul','Bayer','hand.joey@example.com','981.299.4480x1420','2016-12-15 10:26:17','2020-06-23 14:09:56'),(44,'Matilde','Cartwright','maximilian.sauer@example.net','564-339-2252','2018-10-18 07:57:16','2020-11-20 16:44:00'),(45,'Bernita','Howell','vortiz@example.com','(931)580-5791','2016-08-06 19:51:25','2021-02-05 16:39:16'),(46,'Bret','Olson','nicolas.isaac@example.org','+32(7)2659186541','2014-02-01 20:38:49','2020-06-12 18:39:04'),(47,'Lisandro','Lind','qschimmel@example.net','1-797-720-9602x4434','2014-10-03 05:58:31','2021-03-17 09:24:34'),(48,'Emilia','Walker','kovacek.johnson@example.org','+59(6)1408948535','2014-07-19 16:24:47','2021-03-26 16:16:14'),(49,'Kurtis','Collins','schamberger.michael@example.net','09560218529','2015-10-03 11:36:00','2020-12-09 15:15:33'),(50,'Johathan','Prohaska','ledner.emil@example.org','+91(1)4582585529','2013-10-07 12:38:16','2021-01-18 21:58:20'),(51,'Kian','Gerhold','ericka.mills@example.net','(373)568-4295x909','2012-03-09 09:44:07','2020-12-30 07:59:53'),(52,'Bridgette','Price','justyn51@example.com','1-526-178-2482x33546','2018-06-28 08:32:29','2020-07-10 01:06:36'),(53,'Herta','Hills','paucek.trevor@example.net','(781)487-1345x5644','2019-08-17 07:51:02','2020-11-19 05:32:31'),(54,'Winnifred','Bartell','o\'hara.rahsaan@example.net','(574)006-8428x8443','2016-05-02 01:41:00','2020-09-10 12:01:08'),(55,'Betty','Cole','berge.eliezer@example.org','(329)144-1648x470','2018-02-13 21:54:27','2020-05-03 09:13:42'),(56,'Hazle','Bailey','torphy.ernestina@example.com','125-655-3454','2019-01-30 15:52:44','2020-10-23 10:09:10'),(57,'Nichole','Kunde','maia36@example.org','750-464-7890x51303','2011-11-28 11:20:31','2020-12-29 07:00:22'),(58,'Fabiola','Huel','ardella.johnston@example.net','215-861-1730','2012-01-29 21:31:07','2021-02-17 08:48:59'),(59,'Lavada','Kulas','delbert.kihn@example.net','945-829-5123','2016-03-29 10:57:45','2021-04-17 15:34:34'),(60,'Molly','Bogan','o\'reilly.trace@example.org','1-227-688-9190','2015-01-07 07:20:11','2020-07-13 07:52:32'),(61,'Guiseppe','Batz','alene.stiedemann@example.com','958.510.0083','2017-06-08 09:06:34','2021-02-15 03:31:39'),(62,'Felicity','Green','pouros.lorine@example.com','+31(2)9583803450','2014-12-25 09:39:07','2020-09-21 17:14:51'),(63,'Sheila','Labadie','xcruickshank@example.org','648.223.9822x68755','2016-12-29 08:57:15','2020-10-27 04:34:03'),(64,'Flo','Nader','clair.lueilwitz@example.net','1-334-155-6729','2016-09-22 18:07:12','2020-11-13 22:14:11'),(65,'Katlyn','Deckow','fosinski@example.net','+93(4)6587830411','2013-12-22 22:26:54','2020-11-30 21:54:19'),(66,'Chaya','Prohaska','qmccullough@example.org','1-851-806-1715x09421','2016-05-19 03:35:41','2020-12-02 16:48:06'),(67,'Sebastian','McClure','o\'kon.morris@example.org','892.526.0361x86668','2020-01-06 09:03:34','2021-03-15 17:58:57'),(68,'Walker','Grimes','orn.anastasia@example.com','209-958-7613x06647','2011-05-17 16:41:28','2020-11-19 15:29:34'),(69,'Enola','Haley','walker.ellen@example.net','1-285-145-2138','2014-10-15 13:57:10','2020-09-11 23:26:00'),(70,'Noemie','Rohan','jedediah02@example.org','569.804.8661','2011-10-11 02:59:06','2020-10-29 05:37:59'),(71,'Mina','Hammes','dbeer@example.org','558-801-6576','2018-05-23 11:40:54','2020-07-19 22:48:00'),(72,'Albert','Spinka','makenna.powlowski@example.com','169-694-0726x975','2019-09-18 07:07:26','2020-11-27 17:46:13'),(73,'Stanley','Wintheiser','demetris.herman@example.com','425-559-9698','2019-01-04 02:17:45','2020-06-16 20:02:59'),(74,'Lea','Schowalter','wcole@example.com','1-311-222-6997','2021-02-04 21:08:10','2021-02-08 22:00:11'),(75,'Vada','Rempel','tromp.alek@example.com','05412795227','2012-04-03 11:02:08','2021-02-18 13:42:50'),(76,'Jaleel','Hackett','cristopher.bruen@example.com','842-963-1124x05443','2019-08-26 16:00:15','2020-08-08 11:56:02'),(77,'Americo','O\'Reilly','tristian08@example.net','+69(9)9865039885','2018-01-31 06:29:02','2020-11-25 17:20:54'),(78,'Mertie','Cole','damon.walter@example.com','716.504.2540x705','2021-02-13 08:47:39','2021-04-30 18:23:28'),(79,'Vaughn','Leuschke','virginie.doyle@example.org','1-252-096-1901','2014-08-08 03:23:28','2021-03-14 14:49:04'),(80,'Assunta','Funk','daniel.quinten@example.com','845-233-8078','2017-04-12 07:53:42','2020-12-30 11:26:47'),(81,'Anne','O\'Kon','krystel98@example.com','1-776-247-4627','2019-12-01 00:27:37','2020-10-28 18:47:29'),(82,'Kathleen','McKenzie','wbraun@example.com','351-807-1749','2020-05-19 16:29:21','2020-07-02 18:31:57'),(83,'Terry','Stamm','wmcdermott@example.net','+28(6)8930862178','2015-12-14 23:40:17','2021-03-23 12:59:20'),(84,'Jerry','Schumm','laury78@example.com','866-652-1960','2015-09-28 14:49:01','2020-07-18 09:48:44'),(85,'Ezekiel','Jacobs','osbaldo.witting@example.net','(744)032-3865','2020-07-26 01:38:49','2020-08-21 01:54:22'),(86,'Wilber','Feeney','frami.orie@example.org','205-537-9331','2018-09-30 07:06:10','2020-11-01 08:46:10'),(87,'Christina','Huel','rene35@example.com','(319)862-7359','2020-07-16 12:37:46','2020-08-23 02:19:56'),(88,'Jess','Lakin','weissnat.sandra@example.com','(542)381-4594','2020-03-15 09:41:59','2020-09-25 11:42:51'),(89,'Dayton','Lockman','marquardt.waino@example.com','05700398262','2014-08-18 01:16:41','2021-03-29 17:09:36'),(90,'Rory','Reichel','zena.schroeder@example.com','1-473-300-3433x578','2021-03-11 01:28:33','2021-04-30 18:23:28'),(91,'Maxie','Reilly','hfritsch@example.com','975.578.8725x112','2014-06-08 13:32:31','2020-07-04 15:48:16'),(92,'Sammy','Stanton','hoppe.ellis@example.com','1-825-134-7614','2020-05-05 10:36:16','2020-10-05 09:25:48'),(93,'Pauline','Goodwin','cornelius.gulgowski@example.org','+66(0)4047765134','2019-07-13 04:48:55','2021-03-07 04:49:13'),(94,'Allie','Stanton','goldner.jack@example.net','06701531142','2015-09-08 11:03:31','2020-09-19 20:57:25'),(95,'Ken','Goyette','luettgen.jammie@example.org','+06(6)4650962273','2018-05-11 02:58:39','2020-09-15 21:33:06'),(96,'Einar','Gutmann','chasity.schowalter@example.net','302.020.0619','2012-12-03 02:01:36','2021-03-24 11:45:54'),(97,'Mckayla','Davis','wolf.tomasa@example.net','+68(5)3508197194','2019-07-31 01:17:54','2020-11-15 12:53:37'),(98,'Ted','Leannon','marjolaine.hayes@example.org','809.934.3161x36329','2018-07-17 19:03:34','2020-12-16 01:31:55'),(99,'Roma','Daniel','isaias18@example.net','899.389.7637x5938','2019-01-26 12:59:29','2020-10-10 21:59:53'),(100,'Rubie','Wolf','bconnelly@example.com','309-756-4742','2015-06-25 13:42:18','2020-08-04 02:13:48'),(101,'Diana','Prohaska','cbuckridge@example.com','301.184.0752x25734','2016-07-27 14:19:37','2020-06-15 09:08:17'),(102,'Ronny','Christiansen','runolfsson.gia@example.org','06695506570','2018-02-27 20:31:25','2021-04-03 05:06:10'),(103,'Chasity','Ondricka','lia00@example.com','321-006-9187','2018-08-26 03:07:40','2020-09-29 13:24:11'),(104,'Ana','White','armstrong.chet@example.org','1-677-382-3370x849','2018-03-11 05:06:16','2020-05-30 21:46:50'),(105,'Katelynn','McGlynn','felix.marquardt@example.org','(113)667-7820x16301','2015-06-19 18:28:10','2020-09-07 18:32:09'),(106,'Shana','Fahey','armstrong.chesley@example.com','457-556-5208x503','2020-12-25 15:27:59','2021-04-30 18:23:28'),(107,'Maia','Luettgen','jhilll@example.com','(240)677-7984','2019-02-03 08:49:24','2021-02-25 08:10:55'),(108,'Georgette','Dare','larkin.jadyn@example.net','07011439478','2020-02-02 20:07:45','2020-11-21 03:40:15'),(109,'Shyanne','Lakin','orie38@example.net','003.225.4949x618','2020-10-05 10:06:39','2021-04-30 18:23:28'),(110,'Marcos','Schuster','clara62@example.net','+32(5)5568411366','2020-02-16 03:21:02','2021-03-18 04:01:17'),(111,'Lewis','Leuschke','boehm.mackenzie@example.net','1-381-874-6066','2012-06-11 14:08:29','2021-01-03 00:20:51'),(112,'Lolita','Kling','xzavier.cole@example.org','(834)192-3291x38358','2017-09-30 00:14:17','2020-11-08 10:15:27'),(113,'Deonte','Rempel','tbatz@example.net','058.943.4837','2016-02-01 11:01:02','2020-04-29 23:55:03'),(114,'Irwin','Abshire','wanda.koepp@example.net','498-540-3029x10383','2019-02-10 16:01:09','2021-01-04 04:27:28'),(115,'Wade','Pfannerstill','wroob@example.org','1-480-613-2936x400','2016-04-07 22:26:00','2020-12-03 08:00:27'),(116,'Lavada','Collier','shanahan.celestine@example.net','(939)157-1046x14920','2016-01-09 01:47:03','2020-05-27 20:04:26'),(117,'Wilton','Kunde','ada.hammes@example.org','1-981-246-3633x3787','2019-10-21 05:31:21','2021-03-26 18:26:52'),(118,'Velda','Schamberger','kuhic.lucius@example.org','606.380.1760x1213','2012-09-24 00:51:40','2020-06-24 11:06:04'),(119,'Randall','Vandervort','jose.glover@example.net','02408981503','2014-10-26 12:48:16','2021-03-06 05:39:53'),(120,'Lois','Macejkovic','lacy.rolfson@example.com','1-367-786-8922x3886','2020-06-29 00:33:17','2021-04-30 18:23:28'),(121,'Fatima','Homenick','rylan.howell@example.com','269.129.1042','2012-01-25 14:38:12','2020-12-21 19:42:47'),(122,'Yessenia','Dickinson','runolfsdottir.brandyn@example.net','00844385684','2015-07-22 11:07:11','2020-12-23 23:53:47'),(123,'Ronaldo','Gislason','helmer78@example.com','(065)660-4803x65497','2020-09-17 18:40:26','2021-04-09 07:27:12'),(124,'Uriel','Nitzsche','ibrahim82@example.org','713.211.5858x4579','2014-03-17 00:55:35','2020-05-17 04:38:00'),(125,'Zackery','Stanton','jones.xander@example.net','1-306-378-4384','2011-10-15 03:18:45','2021-03-07 17:11:14'),(126,'Domenica','Larkin','elna.von@example.net','1-004-265-4470x256','2014-08-23 01:27:46','2021-02-02 10:36:21'),(127,'Shanie','Brown','jbuckridge@example.net','02160584217','2020-08-19 23:35:30','2020-10-06 04:09:56'),(128,'Donato','Graham','deion.reichel@example.com','732.935.4952x3441','2015-09-17 23:00:15','2021-03-01 19:14:07'),(129,'Woodrow','Bashirian','yboehm@example.org','1-800-637-0907x95770','2017-01-09 12:05:32','2020-11-13 21:58:13'),(130,'Loyal','Shields','bridget.mann@example.com','(774)032-3093','2019-05-25 08:15:20','2020-10-02 16:47:23'),(131,'Favian','Maggio','tobin.o\'connell@example.net','1-191-929-1492x970','2015-01-02 18:08:28','2020-05-08 03:08:39'),(132,'Julius','Jast','schmeler.letitia@example.com','(861)386-6067','2020-09-02 08:22:43','2020-11-25 18:29:21'),(133,'Gunner','Hoeger','virginie09@example.net','536-356-3614x17895','2018-05-04 01:53:54','2021-02-11 16:45:19'),(134,'Wilmer','Blanda','zella.beahan@example.com','209.251.1233','2012-08-31 20:47:44','2021-04-10 20:25:00'),(135,'Elroy','Lakin','ybaumbach@example.net','1-677-411-5591','2012-04-09 03:54:44','2021-02-28 22:11:58'),(136,'Katlyn','Witting','cassin.lucie@example.net','764.903.5221','2021-03-03 02:36:19','2021-03-29 08:59:05'),(137,'Kassandra','Donnelly','lenore23@example.org','567.001.1779x53771','2012-09-30 21:48:46','2021-01-28 01:10:51'),(138,'Deborah','Rohan','kitty.d\'amore@example.net','1-281-590-3840x617','2016-01-18 04:43:49','2020-08-04 09:50:56'),(139,'Cathrine','Lemke','louie.frami@example.net','914.402.2185x39252','2016-01-19 03:49:24','2020-12-07 01:37:41'),(140,'Kallie','Schaden','fgoldner@example.com','(058)641-1713x337','2015-12-25 00:39:25','2020-05-26 10:12:48'),(141,'Osbaldo','Hane','cristal.rippin@example.com','890-798-6693x184','2019-07-11 04:44:45','2020-07-05 06:41:07'),(142,'Stella','Bernhard','hankunding@example.com','1-463-220-1258','2013-02-24 02:45:31','2020-12-15 02:32:32'),(143,'Gardner','Predovic','abner00@example.com','+75(3)7188515172','2012-10-04 11:34:35','2020-05-04 17:28:10'),(144,'Vernice','Kirlin','leonora.corwin@example.org','090-765-7356x20595','2019-05-31 07:35:19','2020-12-02 07:19:00'),(145,'Elta','Davis','hansen.bria@example.net','602.108.1918x345','2015-01-24 18:27:15','2021-03-18 09:48:47'),(146,'Kamille','Kerluke','ignatius28@example.com','854-960-7141x48076','2014-03-01 04:13:12','2021-02-23 14:35:30'),(147,'Elinore','Lueilwitz','zachary46@example.com','05187219534','2011-04-29 10:49:52','2020-06-05 13:45:36'),(148,'Devonte','Boyer','iwyman@example.net','06381985252','2016-01-07 06:01:48','2020-09-19 01:36:53'),(149,'Linda','Skiles','aliza07@example.com','336.179.1678','2015-12-05 07:08:11','2020-12-18 12:43:03'),(150,'Malinda','Nolan','stanton.granville@example.com','1-806-295-9589x23741','2019-10-20 05:10:13','2020-11-15 16:43:02'),(151,'Kristina','Connelly','ezequiel26@example.net','847-334-4848x365','2013-03-17 21:47:35','2021-02-25 21:08:56'),(152,'Ryley','Haag','zelma52@example.com','1-980-791-6044x8279','2014-06-22 13:32:05','2020-12-31 18:56:28'),(153,'Adonis','Brakus','lizeth.krajcik@example.org','07028759422','2019-07-09 04:49:16','2021-04-20 23:27:15'),(154,'Della','Heathcote','akeem.parisian@example.com','07309502380','2019-10-01 03:37:00','2020-07-28 09:57:17'),(155,'Gregoria','Kohler','edmund48@example.org','772.058.3584x3003','2015-10-31 22:08:40','2020-08-19 06:19:16'),(156,'Lauren','Cartwright','anabelle.schumm@example.net','1-258-621-7093x4101','2014-07-01 20:45:12','2020-07-07 06:34:14'),(157,'Connor','Senger','nigel.maggio@example.com','727.357.2104','2016-10-22 17:09:12','2020-06-18 10:10:47'),(158,'Tara','Spencer','kling.german@example.net','+46(1)6433211771','2017-10-25 07:39:15','2020-11-18 01:50:51'),(159,'Magdalen','McDermott','schoen.keshaun@example.com','(705)961-1657','2014-08-09 23:19:50','2020-10-09 21:40:53'),(160,'Bernhard','Hahn','jerald.windler@example.org','1-211-052-9013','2021-02-25 02:39:49','2021-04-30 18:23:28'),(161,'Elsa','Feeney','america58@example.org','+54(7)7017324228','2012-06-22 08:10:41','2020-08-14 20:48:21'),(162,'Maybell','West','danyka.wolff@example.org','1-278-454-1863x419','2019-01-06 06:22:08','2020-08-19 04:14:06'),(163,'Silas','D\'Amore','mann.jaclyn@example.com','+08(8)6668276149','2014-07-23 00:52:05','2020-09-05 18:04:42'),(164,'Mackenzie','Luettgen','althea.kunde@example.org','(045)964-5575','2014-11-23 21:54:03','2021-01-03 19:47:51'),(165,'Randall','West','torrey51@example.org','660-054-1289','2019-01-05 07:28:29','2020-11-21 14:52:05'),(166,'Seth','Rice','molly58@example.net','1-415-746-6059','2019-07-17 05:03:24','2020-11-20 00:46:38'),(167,'Wanda','Mueller','tschaefer@example.org','772-499-9152x75821','2015-06-13 21:29:45','2021-03-15 18:01:11'),(168,'Duane','O\'Reilly','skoepp@example.com','01485233463','2020-03-06 13:38:33','2020-06-15 16:55:44'),(169,'Lera','Harber','marks.myrtle@example.com','(973)327-7076x126','2015-06-24 00:14:47','2020-07-11 03:00:25'),(170,'Ricardo','Brown','vstreich@example.org','119-723-3948x93836','2018-08-24 23:01:35','2020-12-29 02:02:03'),(171,'Kaylin','Trantow','pgislason@example.net','+96(0)3287197949','2013-05-22 07:40:29','2020-09-28 22:41:44'),(172,'Kevin','Ankunding','chauncey78@example.org','415.479.4497x910','2021-03-27 07:49:29','2021-04-30 18:23:28'),(173,'Sheila','Swift','pagac.sedrick@example.com','965.065.7470x392','2012-07-24 12:16:39','2020-12-15 01:26:25'),(174,'Paolo','Kris','rocky.paucek@example.net','08460450290','2020-03-26 10:17:45','2021-01-02 13:52:13'),(175,'Saige','West','klangworth@example.net','(037)975-1914','2017-05-26 02:59:31','2020-08-07 11:22:57'),(176,'Sydnee','Smitham','kuvalis.missouri@example.net','213-924-4794x1218','2016-10-09 13:50:00','2021-01-31 08:01:33'),(177,'Deonte','Upton','crobel@example.net','(708)106-8866x3706','2013-11-06 21:55:36','2021-01-24 07:17:00'),(178,'Mollie','Stoltenberg','emelia.marks@example.net','+01(8)4707489701','2019-05-24 13:32:47','2021-01-29 13:49:36'),(179,'Kennedi','Johnston','gust87@example.net','752.862.9176','2017-05-10 09:23:49','2020-11-24 04:58:53'),(180,'Jairo','Bernhard','howe.lenny@example.net','323.876.2733x42607','2013-06-28 15:38:03','2021-04-01 16:40:44'),(181,'Augusta','Herman','oleta96@example.org','1-217-979-8890','2011-08-19 00:22:39','2020-05-25 10:43:16'),(182,'Jeremy','Cormier','carlee.orn@example.com','712.543.7893x265','2020-09-15 10:09:43','2020-10-16 18:27:30'),(183,'Rubye','Robel','mborer@example.net','057-593-0730','2018-11-23 07:26:14','2020-04-29 12:45:58'),(184,'Meta','Sipes','schamberger.paris@example.com','(321)713-4481','2014-05-14 17:21:31','2020-08-30 08:25:45'),(185,'Zita','Deckow','timothy96@example.org','(314)490-9039x58610','2017-05-13 17:15:15','2020-05-03 21:18:31'),(186,'Tod','Price','dayana.haley@example.com','989.518.1252x201','2019-02-19 13:16:52','2021-04-19 06:28:30'),(187,'Willy','Shields','linnie65@example.com','1-173-625-5736x3714','2017-06-05 08:45:48','2020-06-30 02:25:31'),(188,'Karson','Schultz','jayden.jerde@example.com','602-398-2943x9310','2015-02-11 23:53:02','2020-07-07 09:29:40'),(189,'Talon','Farrell','troy65@example.com','685-821-0442x81426','2020-01-13 09:08:12','2020-07-28 01:28:18'),(190,'Jeanie','Windler','johnson.vince@example.org','726-594-8292x61258','2014-08-12 21:38:09','2021-02-19 21:20:49'),(191,'Myrtle','Schamberger','isobel.goyette@example.com','05719852209','2015-05-03 20:36:32','2020-06-04 20:22:25'),(192,'Franco','Jakubowski','cormier.leda@example.com','530-671-2816','2012-04-16 04:27:22','2021-02-22 06:22:51'),(193,'Bettye','Hirthe','zion04@example.org','+61(9)7288444869','2013-06-12 00:25:30','2020-11-20 09:42:41'),(194,'Retta','Ankunding','ysatterfield@example.net','1-467-450-9395x31823','2015-08-28 19:51:49','2021-02-01 11:43:29'),(195,'Rico','Crona','nannie.schimmel@example.com','1-042-547-6136','2016-05-08 21:55:49','2020-07-11 02:01:29'),(196,'Abby','Bernier','nedra27@example.com','(271)292-0451x33216','2020-07-29 06:02:16','2021-04-30 18:23:28'),(197,'Cletus','Stroman','kohler.marlee@example.org','(431)595-4236','2016-02-07 20:16:29','2020-08-26 03:11:59'),(198,'Wilber','Kozey','koelpin.pasquale@example.org','260.208.5666x70721','2014-04-02 10:01:07','2021-02-13 01:36:42'),(199,'Edyth','Balistreri','rey.ziemann@example.com','909.921.2643x17402','2014-06-24 21:25:40','2020-06-24 03:37:19'),(200,'Marcellus','Connelly','mstoltenberg@example.com','324-374-9049','2020-12-30 02:45:40','2021-04-30 18:23:28');
/*!40000 ALTER TABLE `users` ENABLE KEYS */;
UNLOCK TABLES;
/*!40103 SET TIME_ZONE=@OLD_TIME_ZONE */;

/*!40101 SET SQL_MODE=@OLD_SQL_MODE */;
/*!40014 SET FOREIGN_KEY_CHECKS=@OLD_FOREIGN_KEY_CHECKS */;
/*!40014 SET UNIQUE_CHECKS=@OLD_UNIQUE_CHECKS */;
/*!40101 SET CHARACTER_SET_CLIENT=@OLD_CHARACTER_SET_CLIENT */;
/*!40101 SET CHARACTER_SET_RESULTS=@OLD_CHARACTER_SET_RESULTS */;
/*!40101 SET COLLATION_CONNECTION=@OLD_COLLATION_CONNECTION */;
/*!40111 SET SQL_NOTES=@OLD_SQL_NOTES */;

-- Dump completed on 2021-05-30 18:14:55
